"filename", "language", "C++", "Markdown", "YAML", "XML", "Python", "CMake", "Shell Script", "CMake Cache", "Makefile", "Log", "C", "comment", "blank", "total"
"/home/lwl/workspace/3rd-test-learning/1. glog/src/glog-test.cpp", "C++", 14, 0, 0, 0, 0, 0, 0, 0, 0, 0, 0, 12, 10, 36
"/home/lwl/workspace/3rd-test-learning/10. utils/data_collector/data_collect_test.cpp", "C++", 19, 0, 0, 0, 0, 0, 0, 0, 0, 0, 0, 17, 6, 42
"/home/lwl/workspace/3rd-test-learning/10. utils/data_collector/data_collector_T.cpp", "C++", 45, 0, 0, 0, 0, 0, 0, 0, 0, 0, 0, 8, 10, 63
"/home/lwl/workspace/3rd-test-learning/10. utils/data_collector/data_collector_T.h", "C++", 34, 0, 0, 0, 0, 0, 0, 0, 0, 0, 0, 9, 16, 59
"/home/lwl/workspace/3rd-test-learning/10. utils/data_collector/data_collector_interface.h", "C++", 30, 0, 0, 0, 0, 0, 0, 0, 0, 0, 0, 8, 14, 52
"/home/lwl/workspace/3rd-test-learning/10. utils/dataset_fitting/dataset_fitting_test.cpp", "C++", 6, 0, 0, 0, 0, 0, 0, 0, 0, 0, 0, 11, 1, 18
"/home/lwl/workspace/3rd-test-learning/10. utils/dataset_fitting/save_result.h", "C++", 105, 0, 0, 0, 0, 0, 0, 0, 0, 0, 0, 9, 9, 123
"/home/lwl/workspace/3rd-test-learning/10. utils/feature_displayer/feature_displayer.h", "C++", 86, 0, 0, 0, 0, 0, 0, 0, 0, 0, 0, 20, 23, 129
"/home/lwl/workspace/3rd-test-learning/10. utils/image_displayer/displayer.hpp", "C++", 55, 0, 0, 0, 0, 0, 0, 0, 0, 0, 0, 12, 20, 87
"/home/lwl/workspace/3rd-test-learning/10. utils/tictoc/simple_tictoc.h", "C++", 37, 0, 0, 0, 0, 0, 0, 0, 0, 0, 0, 2, 9, 48
"/home/lwl/workspace/3rd-test-learning/10. utils/tictoc/tic_toc-test.cpp", "C++", 20, 0, 0, 0, 0, 0, 0, 0, 0, 0, 0, 9, 3, 32
"/home/lwl/workspace/3rd-test-learning/10. utils/tictoc/tic_toc.cpp", "C++", 67, 0, 0, 0, 0, 0, 0, 0, 0, 0, 0, 8, 4, 79
"/home/lwl/workspace/3rd-test-learning/10. utils/tictoc/tic_toc.hpp", "C++", 31, 0, 0, 0, 0, 0, 0, 0, 0, 0, 0, 8, 10, 49
"/home/lwl/workspace/3rd-test-learning/10. utils/tictoc/tic_toc_duration.cpp", "C++", 14, 0, 0, 0, 0, 0, 0, 0, 0, 0, 0, 12, 6, 32
"/home/lwl/workspace/3rd-test-learning/11. boost-serialization/cv_serialization.cpp", "C++", 107, 0, 0, 0, 0, 0, 0, 0, 0, 0, 0, 11, 32, 150
"/home/lwl/workspace/3rd-test-learning/11. boost-serialization/derived-base-serialization.cpp", "C++", 63, 0, 0, 0, 0, 0, 0, 0, 0, 0, 0, 14, 15, 92
"/home/lwl/workspace/3rd-test-learning/11. boost-serialization/simple-case-no-invasive.cpp", "C++", 47, 0, 0, 0, 0, 0, 0, 0, 0, 0, 0, 27, 12, 86
"/home/lwl/workspace/3rd-test-learning/11. boost-serialization/simple-case-test.cpp", "C++", 44, 0, 0, 0, 0, 0, 0, 0, 0, 0, 0, 14, 14, 72
"/home/lwl/workspace/3rd-test-learning/11. boost-serialization/stl-member-object.cpp", "C++", 69, 0, 0, 0, 0, 0, 0, 0, 0, 0, 0, 20, 21, 110
"/home/lwl/workspace/3rd-test-learning/12. random-generator/random_generator.cpp", "C++", 18, 0, 0, 0, 0, 0, 0, 0, 0, 0, 0, 12, 7, 37
"/home/lwl/workspace/3rd-test-learning/13. TBB/tbb_helloworld.cpp", "C++", 0, 0, 0, 0, 0, 0, 0, 0, 0, 0, 0, 8, 1, 9
"/home/lwl/workspace/3rd-test-learning/14. pcl/display/display.hpp", "C++", 20, 0, 0, 0, 0, 0, 0, 0, 0, 0, 0, 8, 6, 34
"/home/lwl/workspace/3rd-test-learning/14. pcl/filter/filter.hpp", "C++", 20, 0, 0, 0, 0, 0, 0, 0, 0, 0, 0, 11, 5, 36
"/home/lwl/workspace/3rd-test-learning/14. pcl/registration/icp_display.cpp", "C++", 18, 0, 0, 0, 0, 0, 0, 0, 0, 0, 0, 8, 4, 30
"/home/lwl/workspace/3rd-test-learning/14. pcl/registration/icp_test.cpp", "C++", 47, 0, 0, 0, 0, 0, 0, 0, 0, 0, 0, 63, 28, 138
"/home/lwl/workspace/3rd-test-learning/15. openmp/omp_exercise1.cpp", "C++", 16, 0, 0, 0, 0, 0, 0, 0, 0, 0, 0, 8, 1, 25
"/home/lwl/workspace/3rd-test-learning/15. openmp/omp_exercise2.cpp", "C++", 35, 0, 0, 0, 0, 0, 0, 0, 0, 0, 0, 12, 7, 54
"/home/lwl/workspace/3rd-test-learning/15. openmp/omp_exercise3.cpp", "C++", 64, 0, 0, 0, 0, 0, 0, 0, 0, 0, 0, 24, 8, 96
"/home/lwl/workspace/3rd-test-learning/15. openmp/omp_exercise4.cpp", "C++", 47, 0, 0, 0, 0, 0, 0, 0, 0, 0, 0, 36, 12, 95
"/home/lwl/workspace/3rd-test-learning/15. openmp/omp_exercise4_for_detail.cpp", "C++", 22, 0, 0, 0, 0, 0, 0, 0, 0, 0, 0, 13, 3, 38
"/home/lwl/workspace/3rd-test-learning/15. openmp/omp_exercise4_private_shared.cpp", "C++", 25, 0, 0, 0, 0, 0, 0, 0, 0, 0, 0, 17, 4, 46
"/home/lwl/workspace/3rd-test-learning/15. openmp/omp_exercise5.cpp", "C++", 33, 0, 0, 0, 0, 0, 0, 0, 0, 0, 0, 15, 5, 53
"/home/lwl/workspace/3rd-test-learning/15. openmp/omp_exercise6_schedule.cpp", "C++", 11, 0, 0, 0, 0, 0, 0, 0, 0, 0, 0, 9, 3, 23
"/home/lwl/workspace/3rd-test-learning/15. openmp/omp_exercise7_nested.cpp", "C++", 6, 0, 0, 0, 0, 0, 0, 0, 0, 0, 0, 20, 1, 27
"/home/lwl/workspace/3rd-test-learning/15. openmp/omp_exercise8_section.cpp", "C++", 55, 0, 0, 0, 0, 0, 0, 0, 0, 0, 0, 17, 5, 77
"/home/lwl/workspace/3rd-test-learning/16. cmake/cmake_practice/t3/include/hello.h", "C++", 3, 0, 0, 0, 0, 0, 0, 0, 0, 0, 0, 8, 2, 13
"/home/lwl/workspace/3rd-test-learning/16. cmake/cmake_practice/t3/readme.md", "Markdown", 0, 0, 0, 0, 0, 0, 0, 0, 0, 0, 0, 8, 1, 9
"/home/lwl/workspace/3rd-test-learning/16. cmake/cmake_practice/t3/runhello.sh", "Shell Script", 0, 0, 0, 0, 0, 0, 0, 0, 0, 0, 0, 8, 1, 9
"/home/lwl/workspace/3rd-test-learning/16. cmake/cmake_practice/t3/src/hello.cpp", "C++", 5, 0, 0, 0, 0, 0, 0, 0, 0, 0, 0, 8, 0, 13
"/home/lwl/workspace/3rd-test-learning/16. cmake/cmake_practice/t3/src/t1.cpp", "C++", 8, 0, 0, 0, 0, 0, 0, 0, 0, 0, 0, 8, 1, 17
"/home/lwl/workspace/3rd-test-learning/16. cmake/cmake_practice/t4/main.cpp", "C++", 6, 0, 0, 0, 0, 0, 0, 0, 0, 0, 0, 8, 2, 16
"/home/lwl/workspace/3rd-test-learning/16. cmake/self_practice/cmake/PCL.cmake", "CMake", 0, 0, 0, 0, 0, 5, 0, 0, 0, 0, 0, 0, 0, 5
"/home/lwl/workspace/3rd-test-learning/16. cmake/self_practice/cmake/global_defination.cmake", "CMake", 0, 0, 0, 0, 0, 7, 0, 0, 0, 0, 0, 0, 0, 7
"/home/lwl/workspace/3rd-test-learning/16. cmake/self_practice/include/foo.h", "C++", 4, 0, 0, 0, 0, 0, 0, 0, 0, 0, 0, 8, 1, 13
"/home/lwl/workspace/3rd-test-learning/16. cmake/self_practice/src/foo.cc", "C++", 5, 0, 0, 0, 0, 0, 0, 0, 0, 0, 0, 8, 1, 14
"/home/lwl/workspace/3rd-test-learning/16. cmake/self_practice/src/main.cc", "C++", 10, 0, 0, 0, 0, 0, 0, 0, 0, 0, 0, 8, 1, 19
"/home/lwl/workspace/3rd-test-learning/17. sensor_funsion_hw/hw1_ceres_ndt/ceres_ndt.cpp", "C++", 43, 0, 0, 0, 0, 0, 0, 0, 0, 0, 0, 29, 25, 97
"/home/lwl/workspace/3rd-test-learning/17. sensor_funsion_hw/hw1_ceres_ndt/ceres_ndt_se3.h", "C++", 161, 0, 0, 0, 0, 0, 0, 0, 0, 0, 0, 19, 47, 227
"/home/lwl/workspace/3rd-test-learning/17. sensor_funsion_hw/hw1_ceres_ndt/filter.hpp", "C++", 20, 0, 0, 0, 0, 0, 0, 0, 0, 0, 0, 11, 5, 36
"/home/lwl/workspace/3rd-test-learning/17. sensor_funsion_hw/hw1_ceres_ndt/icp_registration.hpp", "C++", 152, 0, 0, 0, 0, 0, 0, 0, 0, 0, 0, 27, 46, 225
"/home/lwl/workspace/3rd-test-learning/17. sensor_funsion_hw/hw2_SC/Scancontext.cpp", "C++", 276, 0, 0, 0, 0, 0, 0, 0, 0, 0, 0, 45, 97, 418
"/home/lwl/workspace/3rd-test-learning/17. sensor_funsion_hw/hw2_SC/Scancontext.h", "C++", 71, 0, 0, 0, 0, 0, 0, 0, 0, 0, 0, 11, 30, 112
"/home/lwl/workspace/3rd-test-learning/17. sensor_funsion_hw/hw2_SC/robot_relocalization_node.cpp", "C++", 181, 0, 0, 0, 0, 0, 0, 0, 0, 0, 0, 10, 43, 234
"/home/lwl/workspace/3rd-test-learning/17. sensor_funsion_hw/hw2_SC/sc_loop.cpp", "C++", 176, 0, 0, 0, 0, 0, 0, 0, 0, 0, 0, 45, 67, 288
"/home/lwl/workspace/3rd-test-learning/17. sensor_funsion_hw/hw2_SC/sc_loop.h", "C++", 54, 0, 0, 0, 0, 0, 0, 0, 0, 0, 0, 7, 13, 74
"/home/lwl/workspace/3rd-test-learning/17. sensor_funsion_hw/hw3_calibra/SO3_RK4_test.cpp", "C++", 113, 0, 0, 0, 0, 0, 0, 0, 0, 0, 0, 50, 22, 185
"/home/lwl/workspace/3rd-test-learning/17. sensor_funsion_hw/hw3_calibra/hw_3_2_accel.cpp", "C++", 110, 0, 0, 0, 0, 0, 0, 0, 0, 0, 0, 15, 23, 148
"/home/lwl/workspace/3rd-test-learning/17. sensor_funsion_hw/hw3_calibra/hw_3_2_gyro.cpp", "C++", 146, 0, 0, 0, 0, 0, 0, 0, 0, 0, 0, 18, 29, 193
"/home/lwl/workspace/3rd-test-learning/17. sensor_funsion_hw/hw3_calibra/hw_3_3.cpp", "C++", 426, 0, 0, 0, 0, 0, 0, 0, 0, 0, 0, 101, 91, 618
"/home/lwl/workspace/3rd-test-learning/17. sensor_funsion_hw/hw3_calibra/hw_3_4.cpp", "C++", 174, 0, 0, 0, 0, 0, 0, 0, 0, 0, 0, 13, 24, 211
"/home/lwl/workspace/3rd-test-learning/17. sensor_funsion_hw/hw3_calibra/read_csv.h", "C++", 66, 0, 0, 0, 0, 0, 0, 0, 0, 0, 0, 29, 14, 109
"/home/lwl/workspace/3rd-test-learning/17. sensor_funsion_hw/hw4_filter/backup/ImuTypes.cc", "C++", 419, 0, 0, 0, 0, 0, 0, 0, 0, 0, 0, 31, 70, 520
"/home/lwl/workspace/3rd-test-learning/17. sensor_funsion_hw/hw4_filter/backup/ImuTypes.h", "C++", 22, 0, 0, 0, 0, 0, 0, 0, 0, 0, 0, 13, 6, 41
"/home/lwl/workspace/3rd-test-learning/17. sensor_funsion_hw/hw4_filter/backup/common.cpp", "C++", 85, 0, 0, 0, 0, 0, 0, 0, 0, 0, 0, 11, 12, 108
"/home/lwl/workspace/3rd-test-learning/17. sensor_funsion_hw/hw4_filter/backup/common.h", "C++", 43, 0, 0, 0, 0, 0, 0, 0, 0, 0, 0, 8, 14, 65
"/home/lwl/workspace/3rd-test-learning/17. sensor_funsion_hw/hw4_filter/backup/ekf.cpp", "C++", 145, 0, 0, 0, 0, 0, 0, 0, 0, 0, 0, 8, 50, 203
"/home/lwl/workspace/3rd-test-learning/17. sensor_funsion_hw/hw4_filter/backup/ekf.h", "C++", 244, 0, 0, 0, 0, 0, 0, 0, 0, 0, 0, 48, 58, 350
"/home/lwl/workspace/3rd-test-learning/17. sensor_funsion_hw/hw4_filter/backup/ekf_test.cpp", "C++", 184, 0, 0, 0, 0, 0, 0, 0, 0, 0, 0, 18, 35, 237
"/home/lwl/workspace/3rd-test-learning/17. sensor_funsion_hw/hw4_filter/backup/read_csv.h", "C++", 66, 0, 0, 0, 0, 0, 0, 0, 0, 0, 0, 29, 14, 109
"/home/lwl/workspace/3rd-test-learning/17. sensor_funsion_hw/hw4_filter/config/eskf.yaml", "YAML", 0, 0, 10, 0, 0, 0, 0, 0, 0, 0, 0, 0, 2, 12
"/home/lwl/workspace/3rd-test-learning/17. sensor_funsion_hw/hw4_filter/ekf/ekf_test.cpp", "C++", 194, 0, 0, 0, 0, 0, 0, 0, 0, 0, 0, 51, 43, 288
"/home/lwl/workspace/3rd-test-learning/17. sensor_funsion_hw/hw4_filter/ekf/kalman_filter.cpp", "C++", 138, 0, 0, 0, 0, 0, 0, 0, 0, 0, 0, 74, 39, 251
"/home/lwl/workspace/3rd-test-learning/17. sensor_funsion_hw/hw4_filter/ekf/kalman_filter.h", "C++", 43, 0, 0, 0, 0, 0, 0, 0, 0, 0, 0, 11, 14, 68
"/home/lwl/workspace/3rd-test-learning/17. sensor_funsion_hw/hw4_filter/eskf/ESKF.md", "Markdown", 0, 34, 0, 0, 0, 0, 0, 0, 0, 0, 0, 0, 17, 51
"/home/lwl/workspace/3rd-test-learning/17. sensor_funsion_hw/hw4_filter/eskf/error_state_kalman_filter.cpp", "C++", 102, 0, 0, 0, 0, 0, 0, 0, 0, 0, 0, 15, 35, 152
"/home/lwl/workspace/3rd-test-learning/17. sensor_funsion_hw/hw4_filter/eskf/error_state_kalman_filter.h", "C++", 89, 0, 0, 0, 0, 0, 0, 0, 0, 0, 0, 36, 20, 145
"/home/lwl/workspace/3rd-test-learning/17. sensor_funsion_hw/hw4_filter/eskf/eskf_test.cpp", "C++", 194, 0, 0, 0, 0, 0, 0, 0, 0, 0, 0, 19, 36, 249
"/home/lwl/workspace/3rd-test-learning/17. sensor_funsion_hw/hw4_filter/module/ImuTypes.cc", "C++", 125, 0, 0, 0, 0, 0, 0, 0, 0, 0, 0, 18, 16, 159
"/home/lwl/workspace/3rd-test-learning/17. sensor_funsion_hw/hw4_filter/module/ImuTypes.h", "C++", 22, 0, 0, 0, 0, 0, 0, 0, 0, 0, 0, 1, 10, 33
"/home/lwl/workspace/3rd-test-learning/17. sensor_funsion_hw/hw4_filter/module/common.cpp", "C++", 68, 0, 0, 0, 0, 0, 0, 0, 0, 0, 0, 11, 9, 88
"/home/lwl/workspace/3rd-test-learning/17. sensor_funsion_hw/hw4_filter/module/common.h", "C++", 41, 0, 0, 0, 0, 0, 0, 0, 0, 0, 0, 8, 13, 62
"/home/lwl/workspace/3rd-test-learning/17. sensor_funsion_hw/hw4_filter/module/data_collector.cpp", "C++", 1, 0, 0, 0, 0, 0, 0, 0, 0, 0, 0, 7, 2, 10
"/home/lwl/workspace/3rd-test-learning/17. sensor_funsion_hw/hw4_filter/module/data_collector.h", "C++", 106, 0, 0, 0, 0, 0, 0, 0, 0, 0, 0, 11, 15, 132
"/home/lwl/workspace/3rd-test-learning/17. sensor_funsion_hw/hw4_filter/module/kalman_filter_interface.h", "C++", 25, 0, 0, 0, 0, 0, 0, 0, 0, 0, 0, 10, 4, 39
"/home/lwl/workspace/3rd-test-learning/17. sensor_funsion_hw/hw4_filter/module/measure_module.h", "C++", 107, 0, 0, 0, 0, 0, 0, 0, 0, 0, 0, 17, 16, 140
"/home/lwl/workspace/3rd-test-learning/17. sensor_funsion_hw/hw4_filter/module/optimization_module.h", "C++", 22, 0, 0, 0, 0, 0, 0, 0, 0, 0, 0, 7, 9, 38
"/home/lwl/workspace/3rd-test-learning/17. sensor_funsion_hw/hw4_filter/module/read_csv.h", "C++", 77, 0, 0, 0, 0, 0, 0, 0, 0, 0, 0, 29, 13, 119
"/home/lwl/workspace/3rd-test-learning/17. sensor_funsion_hw/hw4_filter/optimization_method/optimization_method.h", "C++", 5, 0, 0, 0, 0, 0, 0, 0, 0, 0, 0, 7, 5, 17
"/home/lwl/workspace/3rd-test-learning/17. sensor_funsion_hw/hw4_filter/optimization_method/optimization_module.h", "C++", 22, 0, 0, 0, 0, 0, 0, 0, 0, 0, 0, 7, 9, 38
"/home/lwl/workspace/3rd-test-learning/17. sensor_funsion_hw/hw6_imu_wheel/IMU_Wheel.md", "Markdown", 0, 116, 0, 0, 0, 0, 0, 0, 0, 0, 0, 0, 21, 137
"/home/lwl/workspace/3rd-test-learning/17. sensor_funsion_hw/hw7_marginlization/线面推导.md", "Markdown", 0, 23, 0, 0, 0, 0, 0, 0, 0, 0, 0, 0, 5, 28
"/home/lwl/workspace/3rd-test-learning/18. ros-foxy/src/test_ros2/ROS2_demo_nodes.md", "Markdown", 0, 21, 0, 0, 0, 0, 0, 0, 0, 0, 0, 0, 13, 34
"/home/lwl/workspace/3rd-test-learning/18. ros-foxy/src/test_ros2/ROS2_tutorial_action_server.md", "Markdown", 0, 133, 0, 0, 0, 0, 0, 0, 0, 0, 0, 0, 17, 150
"/home/lwl/workspace/3rd-test-learning/18. ros-foxy/src/test_ros2/ROS2_tutorial_launch.md", "Markdown", 0, 35, 0, 0, 0, 0, 0, 0, 0, 0, 0, 0, 15, 50
"/home/lwl/workspace/3rd-test-learning/18. ros-foxy/src/test_ros2/launch/for_include.py", "Python", 0, 0, 0, 0, 21, 0, 0, 0, 0, 0, 0, 1, 8, 30
"/home/lwl/workspace/3rd-test-learning/18. ros-foxy/src/test_ros2/launch/test_param_launch.py", "Python", 0, 0, 0, 0, 19, 0, 0, 0, 0, 0, 0, 2, 9, 30
"/home/lwl/workspace/3rd-test-learning/18. ros-foxy/src/test_ros2/launch/test_remap_launch.py", "Python", 0, 0, 0, 0, 26, 0, 0, 0, 0, 0, 0, 3, 5, 34
"/home/lwl/workspace/3rd-test-learning/18. ros-foxy/src/test_ros2/launch/test_rosparam_launch.py", "Python", 0, 0, 0, 0, 29, 0, 0, 0, 0, 0, 0, 5, 11, 45
"/home/lwl/workspace/3rd-test-learning/18. ros-foxy/src/test_ros2/package.xml", "XML", 0, 0, 0, 17, 0, 0, 0, 0, 0, 0, 0, 0, 5, 22
"/home/lwl/workspace/3rd-test-learning/18. ros-foxy/src/test_ros2/param/test_rosparam.yaml", "YAML", 0, 0, 16, 0, 0, 0, 0, 0, 0, 0, 0, 0, 5, 21
"/home/lwl/workspace/3rd-test-learning/18. ros-foxy/src/test_ros2/param/test_target_manager.yaml", "YAML", 0, 0, 16, 0, 0, 0, 0, 0, 0, 0, 0, 0, 1, 17
"/home/lwl/workspace/3rd-test-learning/18. ros-foxy/src/test_ros2/param/test_yaml_write.yaml", "YAML", 0, 0, 14, 0, 0, 0, 0, 0, 0, 0, 0, 0, 0, 14
"/home/lwl/workspace/3rd-test-learning/18. ros-foxy/src/test_ros2/param/test_yaml_write_save.yaml", "YAML", 0, 0, 0, 0, 0, 0, 0, 0, 0, 0, 0, 0, 1, 1
"/home/lwl/workspace/3rd-test-learning/18. ros-foxy/src/test_ros2/readme.md", "Markdown", 0, 0, 0, 0, 0, 0, 0, 0, 0, 0, 0, 0, 1, 1
"/home/lwl/workspace/3rd-test-learning/18. ros-foxy/src/test_ros2/ros2_group_learing_rqt.md", "Markdown", 0, 0, 0, 0, 0, 0, 0, 0, 0, 0, 0, 0, 1, 1
"/home/lwl/workspace/3rd-test-learning/18. ros-foxy/src/test_ros2/src/bug_foxy_ros_ok.cpp", "C++", 11, 0, 0, 0, 0, 0, 0, 0, 0, 0, 0, 8, 7, 26
"/home/lwl/workspace/3rd-test-learning/18. ros-foxy/src/test_ros2/src/test_1to2_node.cpp", "C++", 41, 0, 0, 0, 0, 0, 0, 0, 0, 0, 0, 4, 8, 53
"/home/lwl/workspace/3rd-test-learning/18. ros-foxy/src/test_ros2/src/test_param_node.cpp", "C++", 17, 0, 0, 0, 0, 0, 0, 0, 0, 0, 0, 0, 7, 24
"/home/lwl/workspace/3rd-test-learning/18. ros-foxy/src/test_ros2/src/test_remap_pub_node.cpp", "C++", 19, 0, 0, 0, 0, 0, 0, 0, 0, 0, 0, 0, 6, 25
"/home/lwl/workspace/3rd-test-learning/18. ros-foxy/src/test_ros2/src/test_remap_sub_node.cpp", "C++", 24, 0, 0, 0, 0, 0, 0, 0, 0, 0, 0, 9, 8, 41
"/home/lwl/workspace/3rd-test-learning/18. ros-foxy/src/test_ros2/src/test_rosparam_node.cpp", "C++", 28, 0, 0, 0, 0, 0, 0, 0, 0, 0, 0, 2, 12, 42
"/home/lwl/workspace/3rd-test-learning/18. ros-foxy/src/test_ros2/src/test_rqt_dynamic_reconfigure_node.cpp", "C++", 27, 0, 0, 0, 0, 0, 0, 0, 0, 0, 0, 4, 11, 42
"/home/lwl/workspace/3rd-test-learning/18. ros-foxy/src/test_ros2/src/test_rviz_target_print.cpp", "C++", 10, 0, 0, 0, 0, 0, 0, 0, 0, 0, 0, 20, 13, 43
"/home/lwl/workspace/3rd-test-learning/18. ros-foxy/src/test_ros2/src/test_yaml_write.cpp", "C++", 61, 0, 0, 0, 0, 0, 0, 0, 0, 0, 0, 15, 13, 89
"/home/lwl/workspace/3rd-test-learning/19. boost/filesystem/filesystem_test.cpp", "C++", 70, 0, 0, 0, 0, 0, 0, 0, 0, 0, 0, 9, 11, 90
"/home/lwl/workspace/3rd-test-learning/2. io/csv/read_csv.h", "C++", 91, 0, 0, 0, 0, 0, 0, 0, 0, 0, 0, 29, 17, 137
"/home/lwl/workspace/3rd-test-learning/2. io/csv/test_io.cpp", "C++", 3, 0, 0, 0, 0, 0, 0, 0, 0, 0, 0, 7, 0, 10
"/home/lwl/workspace/3rd-test-learning/2. io/data_loader/all_path.yaml", "YAML", 0, 0, 6, 0, 0, 0, 0, 0, 0, 0, 0, 0, 0, 6
"/home/lwl/workspace/3rd-test-learning/2. io/data_loader/data_loader.h", "C++", 124, 0, 0, 0, 0, 0, 0, 0, 0, 0, 0, 11, 25, 160
"/home/lwl/workspace/3rd-test-learning/2. io/data_loader/data_loader_test.cpp", "C++", 16, 0, 0, 0, 0, 0, 0, 0, 0, 0, 0, 8, 5, 29
"/home/lwl/workspace/3rd-test-learning/2. io/rosbag_convert/rosbag_convert.cpp", "C++", 7, 0, 0, 0, 0, 0, 0, 0, 0, 0, 0, 6, 3, 16
"/home/lwl/workspace/3rd-test-learning/2. io/rosbag_convert/rosbag_convert.h", "C++", 113, 0, 0, 0, 0, 0, 0, 0, 0, 0, 0, 22, 32, 167
"/home/lwl/workspace/3rd-test-learning/2. io/rosbag_convert/rosbag_extract.h", "C++", 0, 0, 0, 0, 0, 0, 0, 0, 0, 0, 0, 0, 1, 1
"/home/lwl/workspace/3rd-test-learning/2. io/synthesis/csv_to_rosbag.cpp", "C++", 61, 0, 0, 0, 0, 0, 0, 0, 0, 0, 0, 7, 10, 78
"/home/lwl/workspace/3rd-test-learning/20. gtsam/learning_example/exercise1_create_factor_graph.cpp", "C++", 18, 0, 0, 0, 0, 0, 0, 0, 0, 0, 0, 10, 9, 37
"/home/lwl/workspace/3rd-test-learning/21. pangolin/pangolin_coordinate.cpp", "C++", 33, 0, 0, 0, 0, 0, 0, 0, 0, 0, 0, 9, 10, 52
"/home/lwl/workspace/3rd-test-learning/21. pangolin/pangolin_cube.cpp", "C++", 34, 0, 0, 0, 0, 0, 0, 0, 0, 0, 0, 8, 8, 50
"/home/lwl/workspace/3rd-test-learning/21. pangolin/pointcloud.cpp", "C++", 66, 0, 0, 0, 0, 0, 0, 0, 0, 0, 0, 18, 23, 107
"/home/lwl/workspace/3rd-test-learning/22. slam_demo/baseline.md", "Markdown", 0, 0, 0, 0, 0, 0, 0, 0, 0, 0, 0, 11, 1, 12
"/home/lwl/workspace/3rd-test-learning/22. slam_demo/common/algorithm.h", "C++", 9, 0, 0, 0, 0, 0, 0, 0, 0, 0, 0, 10, 4, 23
"/home/lwl/workspace/3rd-test-learning/22. slam_demo/doc/theory.md", "Markdown", 0, 6, 0, 0, 0, 0, 0, 0, 0, 0, 0, 0, 4, 10
"/home/lwl/workspace/3rd-test-learning/22. slam_demo/ground_constraint/config/stereoIPC.yaml", "YAML", 0, 0, 15, 0, 0, 0, 0, 0, 0, 0, 0, 9, 13, 37
"/home/lwl/workspace/3rd-test-learning/22. slam_demo/ground_constraint/ground_constraint_builder.h", "C++", 140, 0, 0, 0, 0, 0, 0, 0, 0, 0, 0, 13, 43, 196
"/home/lwl/workspace/3rd-test-learning/22. slam_demo/ground_constraint/path_creator.h", "C++", 58, 0, 0, 0, 0, 0, 0, 0, 0, 0, 0, 10, 19, 87
"/home/lwl/workspace/3rd-test-learning/22. slam_demo/ground_constraint/test_pool.cpp", "C++", 43, 0, 0, 0, 0, 0, 0, 0, 0, 0, 0, 14, 13, 70
"/home/lwl/workspace/3rd-test-learning/22. slam_demo/process.md", "Markdown", 0, 1, 0, 0, 0, 0, 0, 0, 0, 0, 0, 8, 1, 10
"/home/lwl/workspace/3rd-test-learning/22. slam_demo/slam_basic_and_environment/PnP.cpp", "C++", 0, 0, 0, 0, 0, 0, 0, 0, 0, 0, 0, 7, 1, 8
"/home/lwl/workspace/3rd-test-learning/22. slam_demo/slam_basic_and_environment/build_test_environment.h", "C++", 85, 0, 0, 0, 0, 0, 0, 0, 0, 0, 0, 17, 13, 115
"/home/lwl/workspace/3rd-test-learning/22. slam_demo/slam_basic_and_environment/camera_model.h", "C++", 94, 0, 0, 0, 0, 0, 0, 0, 0, 0, 0, 7, 26, 127
"/home/lwl/workspace/3rd-test-learning/22. slam_demo/slam_basic_and_environment/common.cpp", "C++", 24, 0, 0, 0, 0, 0, 0, 0, 0, 0, 0, 7, 4, 35
"/home/lwl/workspace/3rd-test-learning/22. slam_demo/slam_basic_and_environment/common.h", "C++", 13, 0, 0, 0, 0, 0, 0, 0, 0, 0, 0, 7, 13, 33
"/home/lwl/workspace/3rd-test-learning/22. slam_demo/slam_basic_and_environment/config/Environment_H.yaml", "YAML", 0, 0, 11, 0, 0, 0, 0, 0, 0, 0, 0, 0, 1, 12
"/home/lwl/workspace/3rd-test-learning/22. slam_demo/slam_basic_and_environment/config/EuRoC.yaml", "YAML", 0, 0, 93, 0, 0, 0, 0, 0, 0, 0, 0, 27, 20, 140
"/home/lwl/workspace/3rd-test-learning/22. slam_demo/slam_basic_and_environment/convert.h", "C++", 73, 0, 0, 0, 0, 0, 0, 0, 0, 0, 0, 7, 22, 102
"/home/lwl/workspace/3rd-test-learning/22. slam_demo/slam_basic_and_environment/doc/doc.md", "Markdown", 0, 5, 0, 0, 0, 0, 0, 0, 0, 0, 0, 8, 3, 16
"/home/lwl/workspace/3rd-test-learning/22. slam_demo/slam_basic_and_environment/environment_builder.cpp", "C++", 69, 0, 0, 0, 0, 0, 0, 0, 0, 0, 0, 7, 14, 90
"/home/lwl/workspace/3rd-test-learning/22. slam_demo/slam_basic_and_environment/environment_builder.h", "C++", 63, 0, 0, 0, 0, 0, 0, 0, 0, 0, 0, 8, 16, 87
"/home/lwl/workspace/3rd-test-learning/22. slam_demo/slam_basic_and_environment/frame_interface.h", "C++", 73, 0, 0, 0, 0, 0, 0, 0, 0, 0, 0, 13, 17, 103
"/home/lwl/workspace/3rd-test-learning/22. slam_demo/slam_basic_and_environment/main_test.cpp", "C++", 109, 0, 0, 0, 0, 0, 0, 0, 0, 0, 0, 43, 44, 196
"/home/lwl/workspace/3rd-test-learning/22. slam_demo/slam_basic_and_environment/pointcloud_shower.h", "C++", 86, 0, 0, 0, 0, 0, 0, 0, 0, 0, 0, 15, 21, 122
"/home/lwl/workspace/3rd-test-learning/23. opencv/basic/basic_io.cpp", "C++", 25, 0, 0, 0, 0, 0, 0, 0, 0, 0, 0, 9, 8, 42
"/home/lwl/workspace/3rd-test-learning/23. opencv/basic/basic_mat_operator.cpp", "C++", 48, 0, 0, 0, 0, 0, 0, 0, 0, 0, 0, 54, 8, 110
"/home/lwl/workspace/3rd-test-learning/23. opencv/basic/mat_storage.yaml", "YAML", 0, 0, 7, 0, 0, 0, 0, 0, 0, 0, 0, 0, 1, 8
"/home/lwl/workspace/3rd-test-learning/23. opencv/img_show.cpp", "C++", 9, 0, 0, 0, 0, 0, 0, 0, 0, 0, 0, 8, 4, 21
"/home/lwl/workspace/3rd-test-learning/23. opencv/orb_and_pnp.cpp", "C++", 0, 0, 0, 0, 0, 0, 0, 0, 0, 0, 0, 8, 1, 9
"/home/lwl/workspace/3rd-test-learning/24. parallel_program/test.cpp", "C++", 52, 0, 0, 0, 0, 0, 0, 0, 0, 0, 0, 7, 11, 70
"/home/lwl/workspace/3rd-test-learning/25. cpptest/circular_include/A.cpp", "C++", 12, 0, 0, 0, 0, 0, 0, 0, 0, 0, 0, 12, 2, 26
"/home/lwl/workspace/3rd-test-learning/25. cpptest/circular_include/A.h", "C++", 13, 0, 0, 0, 0, 0, 0, 0, 0, 0, 0, 14, 6, 33
"/home/lwl/workspace/3rd-test-learning/25. cpptest/circular_include/B.cpp", "C++", 0, 0, 0, 0, 0, 0, 0, 0, 0, 0, 0, 8, 1, 9
"/home/lwl/workspace/3rd-test-learning/25. cpptest/circular_include/B.h", "C++", 8, 0, 0, 0, 0, 0, 0, 0, 0, 0, 0, 8, 3, 19
"/home/lwl/workspace/3rd-test-learning/25. cpptest/circular_include/doc.md", "Markdown", 0, 12, 0, 0, 0, 0, 0, 0, 0, 0, 0, 8, 4, 24
"/home/lwl/workspace/3rd-test-learning/25. cpptest/circular_include/main.cpp", "C++", 12, 0, 0, 0, 0, 0, 0, 0, 0, 0, 0, 17, 2, 31
"/home/lwl/workspace/3rd-test-learning/25. cpptest/class_test.cpp", "C++", 11, 0, 0, 0, 0, 0, 0, 0, 0, 0, 0, 7, 3, 21
"/home/lwl/workspace/3rd-test-learning/25. cpptest/inherit_test.cpp", "C++", 24, 0, 0, 0, 0, 0, 0, 0, 0, 0, 0, 13, 9, 46
"/home/lwl/workspace/3rd-test-learning/25. cpptest/macro_test.cpp", "C++", 45, 0, 0, 0, 0, 0, 0, 0, 0, 0, 0, 7, 8, 60
"/home/lwl/workspace/3rd-test-learning/25. cpptest/new_test.cpp", "C++", 9, 0, 0, 0, 0, 0, 0, 0, 0, 0, 0, 9, 3, 21
"/home/lwl/workspace/3rd-test-learning/25. cpptest/pointer_diff.cpp", "C++", 17, 0, 0, 0, 0, 0, 0, 0, 0, 0, 0, 10, 6, 33
"/home/lwl/workspace/3rd-test-learning/25. cpptest/pointer_test.cpp", "C++", 16, 0, 0, 0, 0, 0, 0, 0, 0, 0, 0, 8, 5, 29
"/home/lwl/workspace/3rd-test-learning/25. cpptest/pure_virtual_mf_inherit.cpp", "C++", 18, 0, 0, 0, 0, 0, 0, 0, 0, 0, 0, 9, 5, 32
"/home/lwl/workspace/3rd-test-learning/25. cpptest/template_use.cpp", "C++", 24, 0, 0, 0, 0, 0, 0, 0, 0, 0, 0, 11, 2, 37
"/home/lwl/workspace/3rd-test-learning/26. g2o/BAL/bundle_adjustment_g2o.cpp", "C++", 154, 0, 0, 0, 0, 0, 0, 0, 0, 0, 0, 13, 36, 203
"/home/lwl/workspace/3rd-test-learning/26. g2o/BAL/common.cpp", "C++", 224, 0, 0, 0, 0, 0, 0, 0, 0, 0, 0, 17, 43, 284
"/home/lwl/workspace/3rd-test-learning/26. g2o/BAL/common.h", "C++", 59, 0, 0, 0, 0, 0, 0, 0, 0, 0, 0, 5, 29, 93
"/home/lwl/workspace/3rd-test-learning/26. g2o/g2o_basic_example/VE_self_curvefitting.h", "C++", 46, 0, 0, 0, 0, 0, 0, 0, 0, 0, 0, 64, 26, 136
"/home/lwl/workspace/3rd-test-learning/26. g2o/g2o_basic_example/VE_self_powell_function.h", "C++", 85, 0, 0, 0, 0, 0, 0, 0, 0, 0, 0, 36, 31, 152
"/home/lwl/workspace/3rd-test-learning/26. g2o/g2o_basic_example/covariance_collector.h", "C++", 93, 0, 0, 0, 0, 0, 0, 0, 0, 0, 0, 18, 25, 136
"/home/lwl/workspace/3rd-test-learning/26. g2o/g2o_basic_example/g2o_curvefitting.cpp", "C++", 46, 0, 0, 0, 0, 0, 0, 0, 0, 0, 0, 33, 16, 95
"/home/lwl/workspace/3rd-test-learning/26. g2o/g2o_basic_example/g2o_powell_function.cpp", "C++", 65, 0, 0, 0, 0, 0, 0, 0, 0, 0, 0, 17, 24, 106
"/home/lwl/workspace/3rd-test-learning/26. g2o/g2o_slam_demo/g2o_icp_so3_r3.cpp", "C++", 112, 0, 0, 0, 0, 0, 0, 0, 0, 0, 0, 12, 19, 143
"/home/lwl/workspace/3rd-test-learning/26. g2o/g2o_slam_demo/g2o_icp_so3_r3.h", "C++", 64, 0, 0, 0, 0, 0, 0, 0, 0, 0, 0, 13, 13, 90
"/home/lwl/workspace/3rd-test-learning/27. python_basic/basic/basic_1.py", "Python", 0, 0, 0, 0, 19, 0, 0, 0, 0, 0, 0, 21, 9, 49
"/home/lwl/workspace/3rd-test-learning/27. python_basic/basic/basic_2.py", "Python", 0, 0, 0, 0, 5, 0, 0, 0, 0, 0, 0, 14, 3, 22
"/home/lwl/workspace/3rd-test-learning/27. python_basic/basic/basic_3.py", "Python", 0, 0, 0, 0, 6, 0, 0, 0, 0, 0, 0, 10, 3, 19
"/home/lwl/workspace/3rd-test-learning/27. python_basic/basic/basic_4.py", "Python", 0, 0, 0, 0, 4, 0, 0, 0, 0, 0, 0, 12, 0, 16
"/home/lwl/workspace/3rd-test-learning/27. python_basic/basic/basic_5.py", "Python", 0, 0, 0, 0, 14, 0, 0, 0, 0, 0, 0, 15, 10, 39
"/home/lwl/workspace/3rd-test-learning/27. python_basic/basic/basic_6.py", "Python", 0, 0, 0, 0, 18, 0, 0, 0, 0, 0, 0, 16, 9, 43
"/home/lwl/workspace/3rd-test-learning/27. python_basic/basic/basic_7.py", "Python", 0, 0, 0, 0, 49, 0, 0, 0, 0, 0, 0, 35, 21, 105
"/home/lwl/workspace/3rd-test-learning/27. python_basic/basic/basic_8.py", "Python", 0, 0, 0, 0, 45, 0, 0, 0, 0, 0, 0, 24, 17, 86
"/home/lwl/workspace/3rd-test-learning/27. python_basic/basic/basic_9.py", "Python", 0, 0, 0, 0, 56, 0, 0, 0, 0, 0, 0, 27, 24, 107
"/home/lwl/workspace/3rd-test-learning/27. python_basic/basic/basic_inherit.py", "Python", 0, 0, 0, 0, 54, 0, 0, 0, 0, 0, 0, 17, 19, 90
"/home/lwl/workspace/3rd-test-learning/27. python_basic/basic/basic_param_note.py", "Python", 0, 0, 0, 0, 3, 0, 0, 0, 0, 0, 0, 7, 1, 11
"/home/lwl/workspace/3rd-test-learning/27. python_basic/module/main_module.py", "Python", 0, 0, 0, 0, 8, 0, 0, 0, 0, 0, 0, 7, 4, 19
"/home/lwl/workspace/3rd-test-learning/27. python_basic/module/self_package/__init__.py", "Python", 0, 0, 0, 0, 0, 0, 0, 0, 0, 0, 0, 7, 1, 8
"/home/lwl/workspace/3rd-test-learning/27. python_basic/module/self_package/self_function.py", "Python", 0, 0, 0, 0, 3, 0, 0, 0, 0, 0, 0, 7, 1, 11
"/home/lwl/workspace/3rd-test-learning/27. python_basic/note_book_app/plan.md", "Markdown", 0, 4, 0, 0, 0, 0, 0, 0, 0, 0, 0, 7, 1, 12
"/home/lwl/workspace/3rd-test-learning/27. python_basic/tkinter/basic_1_window_label.py", "Python", 0, 0, 0, 0, 7, 0, 0, 0, 0, 0, 0, 9, 3, 19
"/home/lwl/workspace/3rd-test-learning/27. python_basic/tkinter/basic_2_button.py", "Python", 0, 0, 0, 0, 18, 0, 0, 0, 0, 0, 0, 7, 10, 35
"/home/lwl/workspace/3rd-test-learning/27. python_basic/tkinter/basic_3_entry.py", "Python", 0, 0, 0, 0, 9, 0, 0, 0, 0, 0, 0, 12, 5, 26
"/home/lwl/workspace/3rd-test-learning/27. python_basic/tkinter/basic_4_text.py", "Python", 0, 0, 0, 0, 21, 0, 0, 0, 0, 0, 0, 15, 9, 45
"/home/lwl/workspace/3rd-test-learning/27. python_basic/tkinter/basic_5_listbox.py", "Python", 0, 0, 0, 0, 23, 0, 0, 0, 0, 0, 0, 17, 8, 48
"/home/lwl/workspace/3rd-test-learning/27. python_basic/tkinter/small_project_calculator/calculator_v1.py", "Python", 0, 0, 0, 0, 33, 0, 0, 0, 0, 0, 0, 13, 15, 61
"/home/lwl/workspace/3rd-test-learning/27. python_basic/tkinter/small_project_calculator/calculator_v2.py", "Python", 0, 0, 0, 0, 89, 0, 0, 0, 0, 0, 0, 18, 21, 128
"/home/lwl/workspace/3rd-test-learning/27. python_basic/tkinter/small_project_calculator/calculator_v3.py", "Python", 0, 0, 0, 0, 0, 0, 0, 0, 0, 0, 0, 15, 1, 16
"/home/lwl/workspace/3rd-test-learning/27. python_basic/tkinter/small_project_info_manager/info_manager_v1.py", "Python", 0, 0, 0, 0, 23, 0, 0, 0, 0, 0, 0, 12, 11, 46
"/home/lwl/workspace/3rd-test-learning/27. python_basic/tkinter/small_project_info_manager/process_doc.md", "Markdown", 0, 5, 0, 0, 0, 0, 0, 0, 0, 0, 0, 7, 1, 13
"/home/lwl/workspace/3rd-test-learning/28. vslam_course/HW1/cmake_practice/t3/include/hello.h", "C++", 3, 0, 0, 0, 0, 0, 0, 0, 0, 0, 0, 8, 2, 13
"/home/lwl/workspace/3rd-test-learning/28. vslam_course/HW1/cmake_practice/t3/readme.md", "Markdown", 0, 0, 0, 0, 0, 0, 0, 0, 0, 0, 0, 8, 1, 9
"/home/lwl/workspace/3rd-test-learning/28. vslam_course/HW1/cmake_practice/t3/runhello.sh", "Shell Script", 0, 0, 0, 0, 0, 0, 0, 0, 0, 0, 0, 8, 1, 9
"/home/lwl/workspace/3rd-test-learning/28. vslam_course/HW1/cmake_practice/t3/src/hello.cpp", "C++", 5, 0, 0, 0, 0, 0, 0, 0, 0, 0, 0, 8, 0, 13
"/home/lwl/workspace/3rd-test-learning/28. vslam_course/HW1/cmake_practice/t3/src/t1.cpp", "C++", 8, 0, 0, 0, 0, 0, 0, 0, 0, 0, 0, 8, 1, 17
"/home/lwl/workspace/3rd-test-learning/28. vslam_course/HW1/cmake_practice/t4/main.cpp", "C++", 6, 0, 0, 0, 0, 0, 0, 0, 0, 0, 0, 8, 2, 16
"/home/lwl/workspace/3rd-test-learning/28. vslam_course/HW1/doc.md", "Markdown", 0, 53, 0, 0, 0, 0, 0, 0, 0, 0, 0, 7, 5, 65
"/home/lwl/workspace/3rd-test-learning/28. vslam_course/HW2/code/coordinate_calculate.cpp", "C++", 22, 0, 0, 0, 0, 0, 0, 0, 0, 0, 0, 7, 7, 36
"/home/lwl/workspace/3rd-test-learning/28. vslam_course/HW2/code/matrix_calculate.cpp", "C++", 22, 0, 0, 0, 0, 0, 0, 0, 0, 0, 0, 54, 20, 96
"/home/lwl/workspace/3rd-test-learning/28. vslam_course/HW2/doc.md", "Markdown", 0, 91, 0, 0, 0, 0, 0, 0, 0, 0, 0, 7, 6, 104
"/home/lwl/workspace/3rd-test-learning/28. vslam_course/HW3/code/draw_trajectory.cpp", "C++", 61, 0, 0, 0, 0, 0, 0, 0, 0, 0, 0, 17, 26, 104
"/home/lwl/workspace/3rd-test-learning/28. vslam_course/HW3/doc.md", "Markdown", 0, 111, 0, 0, 0, 0, 0, 0, 0, 0, 0, 7, 9, 127
"/home/lwl/workspace/3rd-test-learning/28. vslam_course/HW4/code/disparity.cpp", "C++", 75, 0, 0, 0, 0, 0, 0, 0, 0, 0, 0, 22, 23, 120
"/home/lwl/workspace/3rd-test-learning/28. vslam_course/HW4/code/gaussnewton.cpp", "C++", 56, 0, 0, 0, 0, 0, 0, 0, 0, 0, 0, 18, 16, 90
"/home/lwl/workspace/3rd-test-learning/28. vslam_course/HW4/code/image_undistort.cpp", "C++", 48, 0, 0, 0, 0, 0, 0, 0, 0, 0, 0, 16, 20, 84
"/home/lwl/workspace/3rd-test-learning/28. vslam_course/HW4/doc/doc.md", "Markdown", 0, 68, 0, 0, 0, 0, 0, 0, 0, 0, 0, 7, 9, 84
"/home/lwl/workspace/3rd-test-learning/28. vslam_course/HW5/code/E2Rt.cpp", "C++", 40, 0, 0, 0, 0, 0, 0, 0, 0, 0, 0, 21, 21, 82
"/home/lwl/workspace/3rd-test-learning/28. vslam_course/HW5/code/GN-BA.cpp", "C++", 118, 0, 0, 0, 0, 0, 0, 0, 0, 0, 0, 38, 41, 197
"/home/lwl/workspace/3rd-test-learning/28. vslam_course/HW5/code/computeORB.cpp", "C++", 413, 0, 0, 0, 0, 0, 0, 0, 0, 0, 0, 51, 51, 515
"/home/lwl/workspace/3rd-test-learning/28. vslam_course/HW5/code/icp.cpp", "C++", 252, 0, 0, 0, 0, 0, 0, 0, 0, 0, 0, 50, 65, 367
"/home/lwl/workspace/3rd-test-learning/28. vslam_course/HW5/doc/doc.md", "Markdown", 0, 62, 0, 0, 0, 0, 0, 0, 0, 0, 0, 7, 7, 76
"/home/lwl/workspace/3rd-test-learning/28. vslam_course/HW6/algorithm.md", "Markdown", 0, 35, 0, 0, 0, 0, 0, 0, 0, 0, 0, 8, 6, 49
"/home/lwl/workspace/3rd-test-learning/28. vslam_course/HW6/code/Direct_tracker.h", "C++", 184, 0, 0, 0, 0, 0, 0, 0, 0, 0, 0, 32, 38, 254
"/home/lwl/workspace/3rd-test-learning/28. vslam_course/HW6/code/Direct_tracker_with_zero_mean.h", "C++", 187, 0, 0, 0, 0, 0, 0, 0, 0, 0, 0, 32, 40, 259
"/home/lwl/workspace/3rd-test-learning/28. vslam_course/HW6/code/LK_self_tracker.h", "C++", 251, 0, 0, 0, 0, 0, 0, 0, 0, 0, 0, 24, 44, 319
"/home/lwl/workspace/3rd-test-learning/28. vslam_course/HW6/code/common.h", "C++", 75, 0, 0, 0, 0, 0, 0, 0, 0, 0, 0, 9, 13, 97
"/home/lwl/workspace/3rd-test-learning/28. vslam_course/HW6/code/config/config.yaml", "YAML", 0, 0, 15, 0, 0, 0, 0, 0, 0, 0, 0, 11, 10, 36
"/home/lwl/workspace/3rd-test-learning/28. vslam_course/HW6/code/generate.sh", "Shell Script", 0, 0, 0, 0, 0, 0, 4, 0, 0, 0, 0, 7, 0, 11
"/home/lwl/workspace/3rd-test-learning/28. vslam_course/HW6/code/opencv_tracker.h", "C++", 30, 0, 0, 0, 0, 0, 0, 0, 0, 0, 0, 7, 12, 49
"/home/lwl/workspace/3rd-test-learning/28. vslam_course/HW6/code/test_case.cpp", "C++", 46, 0, 0, 0, 0, 0, 0, 0, 0, 0, 0, 15, 19, 80
"/home/lwl/workspace/3rd-test-learning/28. vslam_course/HW6/code/test_case_dm.cpp", "C++", 84, 0, 0, 0, 0, 0, 0, 0, 0, 0, 0, 13, 38, 135
"/home/lwl/workspace/3rd-test-learning/28. vslam_course/HW6/code/test_case_dm_zero_mean.cpp", "C++", 86, 0, 0, 0, 0, 0, 0, 0, 0, 0, 0, 13, 38, 137
"/home/lwl/workspace/3rd-test-learning/28. vslam_course/HW6/code/test_common.cpp", "C++", 16, 0, 0, 0, 0, 0, 0, 0, 0, 0, 0, 7, 2, 25
"/home/lwl/workspace/3rd-test-learning/28. vslam_course/HW6/code/test_double_float.cpp", "C++", 30, 0, 0, 0, 0, 0, 0, 0, 0, 0, 0, 10, 2, 42
"/home/lwl/workspace/3rd-test-learning/28. vslam_course/HW6/code/test_row_col.cpp", "C++", 6, 0, 0, 0, 0, 0, 0, 0, 0, 0, 0, 11, 7, 24
"/home/lwl/workspace/3rd-test-learning/28. vslam_course/HW6/code/tracker_base.h", "C++", 99, 0, 0, 0, 0, 0, 0, 0, 0, 0, 0, 7, 20, 126
"/home/lwl/workspace/3rd-test-learning/28. vslam_course/HW6/doc.md", "Markdown", 0, 131, 0, 0, 0, 0, 0, 0, 0, 0, 0, 7, 7, 145
"/home/lwl/workspace/3rd-test-learning/28. vslam_course/HW6/process.md", "Markdown", 0, 9, 0, 0, 0, 0, 0, 0, 0, 0, 0, 7, 2, 18
"/home/lwl/workspace/3rd-test-learning/28. vslam_course/HW7/code/BAL/BAL_g2o.cpp", "C++", 207, 0, 0, 0, 0, 0, 0, 0, 0, 0, 0, 24, 44, 275
"/home/lwl/workspace/3rd-test-learning/28. vslam_course/HW7/code/BAL/BAL_g2o.h", "C++", 60, 0, 0, 0, 0, 0, 0, 0, 0, 0, 0, 12, 30, 102
"/home/lwl/workspace/3rd-test-learning/28. vslam_course/HW7/code/BAL/common.cpp", "C++", 11, 0, 0, 0, 0, 0, 0, 0, 0, 0, 0, 7, 4, 22
"/home/lwl/workspace/3rd-test-learning/28. vslam_course/HW7/code/BAL/common.h", "C++", 13, 0, 0, 0, 0, 0, 0, 0, 0, 0, 0, 8, 4, 25
"/home/lwl/workspace/3rd-test-learning/28. vslam_course/HW7/code/BAL/g2o_edge_vertice.h", "C++", 85, 0, 0, 0, 0, 0, 0, 0, 0, 0, 0, 12, 27, 124
"/home/lwl/workspace/3rd-test-learning/28. vslam_course/HW7/code/BAL/random.h", "C++", 21, 0, 0, 0, 0, 0, 0, 0, 0, 0, 0, 0, 5, 26
"/home/lwl/workspace/3rd-test-learning/28. vslam_course/HW7/code/BAL/rotation.h", "C++", 86, 0, 0, 0, 0, 0, 0, 0, 0, 0, 0, 50, 23, 159
"/home/lwl/workspace/3rd-test-learning/28. vslam_course/HW7/code/BAL/show_cloud.cpp", "C++", 45, 0, 0, 0, 0, 0, 0, 0, 0, 0, 0, 7, 13, 65
"/home/lwl/workspace/3rd-test-learning/28. vslam_course/HW7/code/BAL/test_case_g2o_bal.cpp", "C++", 77, 0, 0, 0, 0, 0, 0, 0, 0, 0, 0, 14, 9, 100
"/home/lwl/workspace/3rd-test-learning/28. vslam_course/HW7/code/DSO/directBA.cpp", "C++", 198, 0, 0, 0, 0, 0, 0, 0, 0, 0, 0, 94, 78, 370
"/home/lwl/workspace/3rd-test-learning/28. vslam_course/HW7/code/DSO/sophus_eigen_test.cc", "C++", 11, 0, 0, 0, 0, 0, 0, 0, 0, 0, 0, 7, 3, 21
"/home/lwl/workspace/3rd-test-learning/28. vslam_course/HW7/doc.md", "Markdown", 0, 70, 0, 0, 0, 0, 0, 0, 0, 0, 0, 7, 24, 101
"/home/lwl/workspace/3rd-test-learning/28. vslam_course/HW8/process.md", "Markdown", 0, 7, 0, 0, 0, 0, 0, 0, 0, 0, 0, 7, 3, 17
"/home/lwl/workspace/3rd-test-learning/29. algothrim_and_data_structure/note.md", "Markdown", 0, 10, 0, 0, 0, 0, 0, 0, 0, 0, 0, 7, 1, 18
"/home/lwl/workspace/3rd-test-learning/29. algothrim_and_data_structure/week1/note.md", "Markdown", 0, 9, 0, 0, 0, 0, 0, 0, 0, 0, 0, 7, 0, 16
"/home/lwl/workspace/3rd-test-learning/29. algothrim_and_data_structure/week2/code/A_test.cpp", "C++", 32, 0, 0, 0, 0, 0, 0, 0, 0, 0, 0, 15, 7, 54
"/home/lwl/workspace/3rd-test-learning/29. algothrim_and_data_structure/week2/code/linear_list.h", "C++", 39, 0, 0, 0, 0, 0, 0, 0, 0, 0, 0, 7, 7, 53
"/home/lwl/workspace/3rd-test-learning/29. algothrim_and_data_structure/week2/code/sequence_list.h", "C++", 125, 0, 0, 0, 0, 0, 0, 0, 0, 0, 0, 7, 16, 148
"/home/lwl/workspace/3rd-test-learning/29. algothrim_and_data_structure/week2/code/sequence_list_test.cpp", "C++", 47, 0, 0, 0, 0, 0, 0, 0, 0, 0, 0, 13, 9, 69
"/home/lwl/workspace/3rd-test-learning/29. algothrim_and_data_structure/week2/note.md", "Markdown", 0, 5, 0, 0, 0, 0, 0, 0, 0, 0, 0, 7, 1, 13
"/home/lwl/workspace/3rd-test-learning/29. algothrim_and_data_structure/week3/code/linear_list.h", "C++", 45, 0, 0, 0, 0, 0, 0, 0, 0, 0, 0, 7, 6, 58
"/home/lwl/workspace/3rd-test-learning/29. algothrim_and_data_structure/week3/code/pointer_list.h", "C++", 141, 0, 0, 0, 0, 0, 0, 0, 0, 0, 0, 7, 9, 157
"/home/lwl/workspace/3rd-test-learning/29. algothrim_and_data_structure/week3/code/pointer_list_test.cpp", "C++", 5, 0, 0, 0, 0, 0, 0, 0, 0, 0, 0, 7, 3, 15
"/home/lwl/workspace/3rd-test-learning/29. algothrim_and_data_structure/week3/doc.md", "Markdown", 0, 16, 0, 0, 0, 0, 0, 0, 0, 0, 0, 7, 5, 28
"/home/lwl/workspace/3rd-test-learning/29. algothrim_and_data_structure/week4/doc.md", "Markdown", 0, 0, 0, 0, 0, 0, 0, 0, 0, 0, 0, 7, 1, 8
"/home/lwl/workspace/3rd-test-learning/3. protobuf/protobuf-test.cpp", "C++", 0, 0, 0, 0, 0, 0, 0, 0, 0, 0, 0, 0, 1, 1
"/home/lwl/workspace/3rd-test-learning/30. supplement_material/gaussian_on_lie_group/doc.md", "Markdown", 0, 3, 0, 0, 0, 0, 0, 0, 0, 0, 0, 8, 1, 12
"/home/lwl/workspace/3rd-test-learning/30. supplement_material/ground_constraint/theory.md", "Markdown", 0, 98, 0, 0, 0, 0, 0, 0, 0, 0, 0, 8, 15, 121
"/home/lwl/workspace/3rd-test-learning/30. supplement_material/linear_system/doc.md", "Markdown", 0, 50, 0, 0, 0, 0, 0, 0, 0, 0, 0, 7, 5, 62
"/home/lwl/workspace/3rd-test-learning/30. supplement_material/matrix_exp/doc.md", "Markdown", 0, 8, 0, 0, 0, 0, 0, 0, 0, 0, 0, 8, 1, 17
"/home/lwl/workspace/3rd-test-learning/30. supplement_material/optical_flow/LK光流.md", "Markdown", 0, 90, 0, 0, 0, 0, 0, 0, 0, 0, 0, 0, 23, 113
"/home/lwl/workspace/3rd-test-learning/30. supplement_material/optical_flow/theory.md", "Markdown", 0, 187, 0, 0, 0, 0, 0, 0, 0, 0, 0, 8, 18, 213
"/home/lwl/workspace/3rd-test-learning/30. supplement_material/quaternion/quaternion.md", "Markdown", 0, 143, 0, 0, 0, 0, 0, 0, 0, 0, 0, 7, 7, 157
"/home/lwl/workspace/3rd-test-learning/30. supplement_material/solution_of_linear_equation/doc.md", "Markdown", 0, 135, 0, 0, 0, 0, 0, 0, 0, 0, 0, 8, 33, 176
"/home/lwl/workspace/3rd-test-learning/31. orb_slam_related/YGZ/doc/Process.md", "Markdown", 0, 11, 0, 0, 0, 0, 0, 0, 0, 0, 0, 8, 1, 20
"/home/lwl/workspace/3rd-test-learning/31. orb_slam_related/YGZ/doc/Theory.md", "Markdown", 0, 148, 0, 0, 0, 0, 0, 0, 0, 0, 0, 8, 36, 192
"/home/lwl/workspace/3rd-test-learning/31. orb_slam_related/YGZ/doc/code_reading/feature_manager.md", "Markdown", 0, 23, 0, 0, 0, 0, 0, 0, 0, 0, 0, 8, 1, 32
"/home/lwl/workspace/3rd-test-learning/31. orb_slam_related/YGZ/doc/code_reading/match_extract.md", "Markdown", 0, 44, 0, 0, 0, 0, 0, 0, 0, 0, 0, 8, 16, 68
"/home/lwl/workspace/3rd-test-learning/31. orb_slam_related/YGZ/doc/remain_task.md", "Markdown", 0, 3, 0, 0, 0, 0, 0, 0, 0, 0, 0, 8, 1, 12
"/home/lwl/workspace/3rd-test-learning/31. orb_slam_related/YGZ/doc/sketch.md", "Markdown", 0, 15, 0, 0, 0, 0, 0, 0, 0, 0, 0, 8, 3, 26
"/home/lwl/workspace/3rd-test-learning/31. orb_slam_related/origin/doc/ORB_DBoW.md", "Markdown", 0, 2, 0, 0, 0, 0, 0, 0, 0, 0, 0, 8, 0, 10
"/home/lwl/workspace/3rd-test-learning/31. orb_slam_related/origin/doc/ORB_Mono.md", "Markdown", 0, 11, 0, 0, 0, 0, 0, 0, 0, 0, 0, 8, 4, 23
"/home/lwl/workspace/3rd-test-learning/31. orb_slam_related/origin/doc/ORB_extract_and_match.md", "Markdown", 0, 66, 0, 0, 0, 0, 0, 0, 0, 0, 0, 8, 13, 87
"/home/lwl/workspace/3rd-test-learning/31. orb_slam_related/origin/doc/ORB_frame.md", "Markdown", 0, 18, 0, 0, 0, 0, 0, 0, 0, 0, 0, 7, 4, 29
"/home/lwl/workspace/3rd-test-learning/31. orb_slam_related/origin/doc/ORB_loppclosing.md", "Markdown", 0, 33, 0, 0, 0, 0, 0, 0, 0, 0, 0, 8, 10, 51
"/home/lwl/workspace/3rd-test-learning/31. orb_slam_related/origin/doc/ORB_mapping.md", "Markdown", 0, 41, 0, 0, 0, 0, 0, 0, 0, 0, 0, 8, 7, 56
"/home/lwl/workspace/3rd-test-learning/31. orb_slam_related/origin/doc/ORB_optimizer.md", "Markdown", 0, 23, 0, 0, 0, 0, 0, 0, 0, 0, 0, 8, 6, 37
"/home/lwl/workspace/3rd-test-learning/31. orb_slam_related/origin/doc/ORB_tracking.md", "Markdown", 0, 44, 0, 0, 0, 0, 0, 0, 0, 0, 0, 8, 9, 61
"/home/lwl/workspace/3rd-test-learning/31. orb_slam_related/origin/doc/code_reading/Theory.md", "Markdown", 0, 24, 0, 0, 0, 0, 0, 0, 0, 0, 0, 0, 1, 25
"/home/lwl/workspace/3rd-test-learning/31. orb_slam_related/origin/doc/code_reading/costfunction_in_orb.md", "Markdown", 0, 7, 0, 0, 0, 0, 0, 0, 0, 0, 0, 8, 2, 17
"/home/lwl/workspace/3rd-test-learning/31. orb_slam_related/origin/doc/doc_sketch.md", "Markdown", 0, 20, 0, 0, 0, 0, 0, 0, 0, 0, 0, 8, 3, 31
"/home/lwl/workspace/3rd-test-learning/31. orb_slam_related/origin/doc/supplement_material.md", "Markdown", 0, 128, 0, 0, 0, 0, 0, 0, 0, 0, 0, 9, 16, 153
"/home/lwl/workspace/3rd-test-learning/31. orb_slam_related/pl-slam/code_reading/line.md", "Markdown", 0, 27, 0, 0, 0, 0, 0, 0, 0, 0, 0, 8, 10, 45
"/home/lwl/workspace/3rd-test-learning/31. orb_slam_related/pl-slam/paper_reading.md", "Markdown", 0, 7, 0, 0, 0, 0, 0, 0, 0, 0, 0, 8, 1, 16
"/home/lwl/workspace/3rd-test-learning/31. orb_slam_related/pl-slam/sketch.md", "Markdown", 0, 0, 0, 0, 0, 0, 0, 0, 0, 0, 0, 8, 1, 9
"/home/lwl/workspace/3rd-test-learning/31. orb_slam_related/pl-slam/theory.md", "Markdown", 0, 14, 0, 0, 0, 0, 0, 0, 0, 0, 0, 8, 6, 28
"/home/lwl/workspace/3rd-test-learning/32. vins_related/origin/VINS_Mono/Theory.md", "Markdown", 0, 105, 0, 0, 0, 0, 0, 0, 0, 0, 0, 8, 32, 145
"/home/lwl/workspace/3rd-test-learning/32. vins_related/origin/VINS_Mono/VINS_Mono_initialization.md", "Markdown", 0, 25, 0, 0, 0, 0, 0, 0, 0, 0, 0, 7, 8, 40
"/home/lwl/workspace/3rd-test-learning/32. vins_related/origin/code_reading/doc_sketch.md", "Markdown", 0, 23, 0, 0, 0, 0, 0, 0, 0, 0, 0, 8, 4, 35
"/home/lwl/workspace/3rd-test-learning/32. vins_related/origin/code_reading/vins_feature_tracker.md", "Markdown", 0, 10, 0, 0, 0, 0, 0, 0, 0, 0, 0, 8, 3, 21
"/home/lwl/workspace/3rd-test-learning/32. vins_related/pl-vio/doc/Process.md", "Markdown", 0, 6, 0, 0, 0, 0, 0, 0, 0, 0, 0, 8, 2, 16
"/home/lwl/workspace/3rd-test-learning/33. slam_test/config/all_path.yaml", "YAML", 0, 0, 6, 0, 0, 0, 0, 0, 0, 0, 0, 0, 0, 6
"/home/lwl/workspace/3rd-test-learning/33. slam_test/config/program_param.yaml", "YAML", 0, 0, 4, 0, 0, 0, 0, 0, 0, 0, 0, 0, 2, 6
"/home/lwl/workspace/3rd-test-learning/33. slam_test/config/undistort.yml", "YAML", 0, 0, 54, 0, 0, 0, 0, 0, 0, 0, 0, 1, 6, 61
"/home/lwl/workspace/3rd-test-learning/33. slam_test/doc/Process.md", "Markdown", 0, 2, 0, 0, 0, 0, 0, 0, 0, 0, 0, 8, 0, 10
"/home/lwl/workspace/3rd-test-learning/33. slam_test/doc/Theory.md", "Markdown", 0, 1, 0, 0, 0, 0, 0, 0, 0, 0, 0, 8, 0, 9
"/home/lwl/workspace/3rd-test-learning/33. slam_test/example/test_line_match.cpp", "C++", 69, 0, 0, 0, 0, 0, 0, 0, 0, 0, 0, 20, 23, 112
"/home/lwl/workspace/3rd-test-learning/33. slam_test/generate.sh", "Shell Script", 0, 0, 0, 0, 0, 0, 4, 0, 0, 0, 0, 8, 0, 12
"/home/lwl/workspace/3rd-test-learning/33. slam_test/include/features/config.h", "C++", 191, 0, 0, 0, 0, 0, 0, 0, 0, 0, 0, 38, 27, 256
"/home/lwl/workspace/3rd-test-learning/33. slam_test/include/features/line.h", "C++", 7, 0, 0, 0, 0, 0, 0, 0, 0, 0, 0, 8, 2, 17
"/home/lwl/workspace/3rd-test-learning/33. slam_test/include/features/line_extractor.h", "C++", 41, 0, 0, 0, 0, 0, 0, 0, 0, 0, 0, 34, 20, 95
"/home/lwl/workspace/3rd-test-learning/33. slam_test/include/features/plucker.h", "C++", 28, 0, 0, 0, 0, 0, 0, 0, 0, 0, 0, 9, 11, 48
"/home/lwl/workspace/3rd-test-learning/33. slam_test/include/others/camera_model.h", "C++", 90, 0, 0, 0, 0, 0, 0, 0, 0, 0, 0, 7, 24, 121
"/home/lwl/workspace/3rd-test-learning/33. slam_test/include/others/data_loader.h", "C++", 124, 0, 0, 0, 0, 0, 0, 0, 0, 0, 0, 11, 25, 160
"/home/lwl/workspace/3rd-test-learning/33. slam_test/include/others/display.h", "C++", 15, 0, 0, 0, 0, 0, 0, 0, 0, 0, 0, 8, 3, 26
"/home/lwl/workspace/3rd-test-learning/33. slam_test/include/others/preprocess.h", "C++", 22, 0, 0, 0, 0, 0, 0, 0, 0, 0, 0, 8, 9, 39
"/home/lwl/workspace/3rd-test-learning/33. slam_test/include/others/tic_toc.hpp", "C++", 31, 0, 0, 0, 0, 0, 0, 0, 0, 0, 0, 8, 10, 49
"/home/lwl/workspace/3rd-test-learning/33. slam_test/include/tracker/LKtracker.h", "C++", 5, 0, 0, 0, 0, 0, 0, 0, 0, 0, 0, 8, 3, 16
"/home/lwl/workspace/3rd-test-learning/33. slam_test/src/config.cpp", "C++", 98, 0, 0, 0, 0, 0, 0, 0, 0, 0, 0, 52, 13, 163
"/home/lwl/workspace/3rd-test-learning/33. slam_test/src/line_extractor.cc", "C++", 272, 0, 0, 0, 0, 0, 0, 0, 0, 0, 0, 56, 67, 395
"/home/lwl/workspace/3rd-test-learning/33. slam_test/src/preprocess.cc", "C++", 45, 0, 0, 0, 0, 0, 0, 0, 0, 0, 0, 8, 5, 58
"/home/lwl/workspace/3rd-test-learning/33. slam_test/src/tic_toc.cc", "C++", 67, 0, 0, 0, 0, 0, 0, 0, 0, 0, 0, 8, 4, 79
"/home/lwl/workspace/3rd-test-learning/34. svo/depth_filter/supplementary_material_depth_filter.md", "Markdown", 0, 172, 0, 0, 0, 0, 0, 0, 0, 0, 0, 8, 18, 198
"/home/lwl/workspace/3rd-test-learning/34. svo/depth_filter/supplementary_material_probability.md", "Markdown", 0, 59, 0, 0, 0, 0, 0, 0, 0, 0, 0, 8, 1, 68
"/home/lwl/workspace/3rd-test-learning/34. svo/depth_filter/串讲.md", "Markdown", 0, 71, 0, 0, 0, 0, 0, 0, 0, 0, 0, 8, 28, 107
"/home/lwl/workspace/3rd-test-learning/34. svo/edgelet/doc.md", "Markdown", 0, 5, 0, 0, 0, 0, 0, 0, 0, 0, 0, 8, 7, 20
"/home/lwl/workspace/3rd-test-learning/34. svo/edgelet/paper.md", "Markdown", 0, 11, 0, 0, 0, 0, 0, 0, 0, 0, 0, 8, 3, 22
"/home/lwl/workspace/3rd-test-learning/34. svo/svo_edgelet/doc/Process.md", "Markdown", 0, 0, 0, 0, 0, 0, 0, 0, 0, 0, 0, 8, 1, 9
"/home/lwl/workspace/3rd-test-learning/34. svo/svo_edgelet/doc/Theory.md", "Markdown", 0, 8, 0, 0, 0, 0, 0, 0, 0, 0, 0, 8, 1, 17
"/home/lwl/workspace/3rd-test-learning/35. introduction_to_probability/chapter1/doc/doc.md", "Markdown", 0, 135, 0, 0, 0, 0, 0, 0, 0, 0, 0, 8, 8, 151
"/home/lwl/workspace/3rd-test-learning/35. introduction_to_probability/song_hao/song_hao_chapter1.md", "Markdown", 0, 47, 0, 0, 0, 0, 0, 0, 0, 0, 0, 8, 15, 70
"/home/lwl/workspace/3rd-test-learning/36. msckf/doc/paper_reading.md", "Markdown", 0, 7, 0, 0, 0, 0, 0, 0, 0, 0, 0, 7, 1, 15
"/home/lwl/workspace/3rd-test-learning/36. msckf/doc/reference_material.md", "Markdown", 0, 1, 0, 0, 0, 0, 0, 0, 0, 0, 0, 8, 1, 10
"/home/lwl/workspace/3rd-test-learning/36. msckf/doc/theory.md", "Markdown", 0, 0, 0, 0, 0, 0, 0, 0, 0, 0, 0, 7, 1, 8
"/home/lwl/workspace/3rd-test-learning/37. dso/sketch.md", "Markdown", 0, 2, 0, 0, 0, 0, 0, 0, 0, 0, 0, 8, 0, 10
"/home/lwl/workspace/3rd-test-learning/38. line_feature/doc.md", "Markdown", 0, 17, 0, 0, 0, 0, 0, 0, 0, 0, 0, 8, 5, 30
"/home/lwl/workspace/3rd-test-learning/38. line_feature/edgelet/code/common.h", "C++", 5, 0, 0, 0, 0, 0, 0, 0, 0, 0, 0, 8, 5, 18
"/home/lwl/workspace/3rd-test-learning/38. line_feature/edgelet/code/edgelet_extractor.h", "C++", 19, 0, 0, 0, 0, 0, 0, 0, 0, 0, 0, 43, 16, 78
"/home/lwl/workspace/3rd-test-learning/38. line_feature/edgelet/code/test_edgelet.cc", "C++", 87, 0, 0, 0, 0, 0, 0, 0, 0, 0, 0, 33, 44, 164
"/home/lwl/workspace/3rd-test-learning/38. line_feature/edgelet/doc.md", "Markdown", 0, 22, 0, 0, 0, 0, 0, 0, 0, 0, 0, 8, 4, 34
"/home/lwl/workspace/3rd-test-learning/38. line_feature/paper_reading.md", "Markdown", 0, 25, 0, 0, 0, 0, 0, 0, 0, 0, 0, 8, 12, 45
"/home/lwl/workspace/3rd-test-learning/38. line_feature/plucker/code/common.h", "C++", 41, 0, 0, 0, 0, 0, 0, 0, 0, 0, 0, 8, 8, 57
"/home/lwl/workspace/3rd-test-learning/38. line_feature/plucker/code/plucker.h", "C++", 28, 0, 0, 0, 0, 0, 0, 0, 0, 0, 0, 9, 11, 48
"/home/lwl/workspace/3rd-test-learning/38. line_feature/plucker/code/plucker_factor.h", "C++", 0, 0, 0, 0, 0, 0, 0, 0, 0, 0, 0, 8, 1, 9
"/home/lwl/workspace/3rd-test-learning/38. line_feature/plucker/code/plucker_opt.cpp", "C++", 0, 0, 0, 0, 0, 0, 0, 0, 0, 0, 0, 8, 1, 9
"/home/lwl/workspace/3rd-test-learning/38. line_feature/plucker/code/plucker_test.cpp", "C++", 23, 0, 0, 0, 0, 0, 0, 0, 0, 0, 0, 19, 11, 53
"/home/lwl/workspace/3rd-test-learning/38. line_feature/plucker/code/test_pl_vio_extract.cc", "C++", 76, 0, 0, 0, 0, 0, 0, 0, 0, 0, 0, 15, 24, 115
"/home/lwl/workspace/3rd-test-learning/38. line_feature/plucker/doc.md", "Markdown", 0, 238, 0, 0, 0, 0, 0, 0, 0, 0, 0, 8, 28, 274
"/home/lwl/workspace/3rd-test-learning/38. line_feature/plucker/line_representation_and_optimzation/paper_reading.md", "Markdown", 0, 27, 0, 0, 0, 0, 0, 0, 0, 0, 0, 8, 17, 52
"/home/lwl/workspace/3rd-test-learning/38. line_feature/plucker/line_representation_and_optimzation/summary.md", "Markdown", 0, 2, 0, 0, 0, 0, 0, 0, 0, 0, 0, 8, 3, 13
"/home/lwl/workspace/3rd-test-learning/38. line_feature/sim/ceres_line_cost_function.h", "C++", 244, 0, 0, 0, 0, 0, 0, 0, 0, 0, 0, 31, 106, 381
"/home/lwl/workspace/3rd-test-learning/38. line_feature/sim/line_geometry.h", "C++", 93, 0, 0, 0, 0, 0, 0, 0, 0, 0, 0, 15, 31, 139
"/home/lwl/workspace/3rd-test-learning/38. line_feature/sim/line_parameterization.cpp", "C++", 58, 0, 0, 0, 0, 0, 0, 0, 0, 0, 0, 39, 14, 111
"/home/lwl/workspace/3rd-test-learning/38. line_feature/sim/line_parameterization.h", "C++", 10, 0, 0, 0, 0, 0, 0, 0, 0, 0, 0, 8, 5, 23
"/home/lwl/workspace/3rd-test-learning/38. line_feature/sim/sim_env.h", "C++", 111, 0, 0, 0, 0, 0, 0, 0, 0, 0, 0, 9, 23, 143
"/home/lwl/workspace/3rd-test-learning/38. line_feature/sim/test_angle.cc", "C++", 11, 0, 0, 0, 0, 0, 0, 0, 0, 0, 0, 8, 4, 23
"/home/lwl/workspace/3rd-test-learning/38. line_feature/sim/test_sim.cc", "C++", 206, 0, 0, 0, 0, 0, 0, 0, 0, 0, 0, 46, 83, 335
"/home/lwl/workspace/3rd-test-learning/38. line_feature/vanishing_point/code/VP_basic.cpp", "C++", 27, 0, 0, 0, 0, 0, 0, 0, 0, 0, 0, 8, 13, 48
"/home/lwl/workspace/3rd-test-learning/38. line_feature/vanishing_point/code/build/CMakeCache.txt", "CMake Cache", 0, 0, 0, 0, 0, 0, 0, 322, 0, 0, 0, 0, 68, 390
"/home/lwl/workspace/3rd-test-learning/38. line_feature/vanishing_point/code/build/CMakeFiles/3.13.2/CMakeCCompiler.cmake", "CMake", 0, 0, 0, 0, 0, 57, 0, 0, 0, 0, 0, 0, 17, 74
"/home/lwl/workspace/3rd-test-learning/38. line_feature/vanishing_point/code/build/CMakeFiles/3.13.2/CMakeCXXCompiler.cmake", "CMake", 0, 0, 0, 0, 0, 60, 0, 0, 0, 0, 0, 0, 17, 77
"/home/lwl/workspace/3rd-test-learning/38. line_feature/vanishing_point/code/build/CMakeFiles/3.13.2/CMakeSystem.cmake", "CMake", 0, 0, 0, 0, 0, 10, 0, 0, 0, 0, 0, 0, 6, 16
"/home/lwl/workspace/3rd-test-learning/38. line_feature/vanishing_point/code/build/CMakeFiles/3.13.2/CompilerIdC/CMakeCCompilerId.c", "C", 0, 0, 0, 0, 0, 0, 0, 0, 0, 0, 471, 51, 102, 624
"/home/lwl/workspace/3rd-test-learning/38. line_feature/vanishing_point/code/build/CMakeFiles/3.13.2/CompilerIdCXX/CMakeCXXCompilerId.cpp", "C++", 450, 0, 0, 0, 0, 0, 0, 0, 0, 0, 0, 53, 100, 603
"/home/lwl/workspace/3rd-test-learning/38. line_feature/vanishing_point/code/build/CMakeFiles/CMakeDirectoryInformation.cmake", "CMake", 0, 0, 0, 0, 0, 12, 0, 0, 0, 0, 0, 0, 5, 17
"/home/lwl/workspace/3rd-test-learning/38. line_feature/vanishing_point/code/build/CMakeFiles/CMakeError.log", "Log", 0, 0, 0, 0, 0, 0, 0, 0, 0, 48, 0, 0, 8, 56
"/home/lwl/workspace/3rd-test-learning/38. line_feature/vanishing_point/code/build/CMakeFiles/CMakeOutput.log", "Log", 0, 0, 0, 0, 0, 0, 0, 0, 0, 597, 0, 0, 70, 667
"/home/lwl/workspace/3rd-test-learning/38. line_feature/vanishing_point/code/build/CMakeFiles/Makefile.cmake", "CMake", 0, 0, 0, 0, 0, 144, 0, 0, 0, 0, 0, 0, 6, 150
"/home/lwl/workspace/3rd-test-learning/38. line_feature/vanishing_point/code/build/CMakeFiles/feature_tests.c", "C", 0, 0, 0, 0, 0, 0, 0, 0, 0, 0, 31, 0, 4, 35
"/home/lwl/workspace/3rd-test-learning/38. line_feature/vanishing_point/code/build/CMakeFiles/feature_tests.cxx", "C++", 402, 0, 0, 0, 0, 0, 0, 0, 0, 0, 0, 0, 4, 406
"/home/lwl/workspace/3rd-test-learning/38. line_feature/vanishing_point/code/build/CMakeFiles/test_case.dir/DependInfo.cmake", "CMake", 0, 0, 0, 0, 0, 26, 0, 0, 0, 0, 0, 0, 5, 31
"/home/lwl/workspace/3rd-test-learning/38. line_feature/vanishing_point/code/build/CMakeFiles/test_case.dir/cmake_clean.cmake", "CMake", 0, 0, 0, 0, 0, 9, 0, 0, 0, 0, 0, 0, 2, 11
"/home/lwl/workspace/3rd-test-learning/38. line_feature/vanishing_point/code/build/Makefile", "Makefile", 0, 0, 0, 0, 0, 0, 0, 0, 82, 0, 0, 43, 54, 179
"/home/lwl/workspace/3rd-test-learning/38. line_feature/vanishing_point/code/build/cmake_install.cmake", "CMake", 0, 0, 0, 0, 0, 42, 0, 0, 0, 0, 0, 0, 8, 50
"/home/lwl/workspace/3rd-test-learning/38. line_feature/vanishing_point/code/environment_builder.h", "C++", 328, 0, 0, 0, 0, 0, 0, 0, 0, 0, 0, 8, 87, 423
"/home/lwl/workspace/3rd-test-learning/38. line_feature/vanishing_point/code/process.md", "Markdown", 0, 5, 0, 0, 0, 0, 0, 0, 0, 0, 0, 8, 0, 13
"/home/lwl/workspace/3rd-test-learning/38. line_feature/vanishing_point/code/test_case.cpp", "C++", 66, 0, 0, 0, 0, 0, 0, 0, 0, 0, 0, 15, 27, 108
"/home/lwl/workspace/3rd-test-learning/38. line_feature/vanishing_point/code/vanishing_point.cpp", "C++", 0, 0, 0, 0, 0, 0, 0, 0, 0, 0, 0, 8, 1, 9
"/home/lwl/workspace/3rd-test-learning/38. line_feature/vanishing_point/doc.md", "Markdown", 0, 36, 0, 0, 0, 0, 0, 0, 0, 0, 0, 8, 28, 72
"/home/lwl/workspace/3rd-test-learning/38. line_feature/vanishing_point/paper_reading.md", "Markdown", 0, 84, 0, 0, 0, 0, 0, 0, 0, 0, 0, 8, 24, 116
"/home/lwl/workspace/3rd-test-learning/38. line_feature/vanishing_point/vp_basic.md", "Markdown", 0, 68, 0, 0, 0, 0, 0, 0, 0, 0, 0, 8, 19, 95
"/home/lwl/workspace/3rd-test-learning/39. bug_free/doc.md", "Markdown", 0, 7, 0, 0, 0, 0, 0, 0, 0, 0, 0, 8, 1, 16
"/home/lwl/workspace/3rd-test-learning/4. sophus/sophus_test.cpp", "C++", 26, 0, 0, 0, 0, 0, 0, 0, 0, 0, 0, 12, 17, 55
"/home/lwl/workspace/3rd-test-learning/40. little_g2o/doc.md", "Markdown", 0, 1, 0, 0, 0, 0, 0, 0, 0, 0, 0, 8, 0, 9
"/home/lwl/workspace/3rd-test-learning/41. leetcode/初级算法/数组/self.md", "Markdown", 0, 0, 0, 0, 0, 0, 0, 0, 0, 0, 0, 0, 1, 1
"/home/lwl/workspace/3rd-test-learning/5. gtest/gtest_1.cpp", "C++", 15, 0, 0, 0, 0, 0, 0, 0, 0, 0, 0, 8, 6, 29
"/home/lwl/workspace/3rd-test-learning/5. gtest/gtest_2.cpp", "C++", 18, 0, 0, 0, 0, 0, 0, 0, 0, 0, 0, 8, 13, 39
"/home/lwl/workspace/3rd-test-learning/5. gtest/gtest_3.cpp", "C++", 45, 0, 0, 0, 0, 0, 0, 0, 0, 0, 0, 9, 12, 66
"/home/lwl/workspace/3rd-test-learning/5. gtest/gtest_test_f.cpp", "C++", 48, 0, 0, 0, 0, 0, 0, 0, 0, 0, 0, 15, 19, 82
"/home/lwl/workspace/3rd-test-learning/6. yaml/test-config.yaml", "YAML", 0, 0, 3, 0, 0, 0, 0, 0, 0, 0, 0, 0, 0, 3
"/home/lwl/workspace/3rd-test-learning/6. yaml/yaml-test.cpp", "C++", 7, 0, 0, 0, 0, 0, 0, 0, 0, 0, 0, 7, 7, 21
"/home/lwl/workspace/3rd-test-learning/7. eigen/function_test/alignment_problem.cpp", "C++", 17, 0, 0, 0, 0, 0, 0, 0, 0, 0, 0, 11, 4, 32
"/home/lwl/workspace/3rd-test-learning/7. eigen/function_test/eigen-test-array-vector.cpp", "C++", 10, 0, 0, 0, 0, 0, 0, 0, 0, 0, 0, 10, 6, 26
"/home/lwl/workspace/3rd-test-learning/7. eigen/function_test/eigen_affine.cpp", "C++", 0, 0, 0, 0, 0, 0, 0, 0, 0, 0, 0, 7, 1, 8
"/home/lwl/workspace/3rd-test-learning/7. eigen/function_test/eigen_llt.cpp", "C++", 16, 0, 0, 0, 0, 0, 0, 0, 0, 0, 0, 8, 5, 29
"/home/lwl/workspace/3rd-test-learning/7. eigen/function_test/eigen_setup.cpp", "C++", 10, 0, 0, 0, 0, 0, 0, 0, 0, 0, 0, 8, 2, 20
"/home/lwl/workspace/3rd-test-learning/7. eigen/function_test/eigen_sophus_version.cpp", "C++", 9, 0, 0, 0, 0, 0, 0, 0, 0, 0, 0, 7, 5, 21
"/home/lwl/workspace/3rd-test-learning/7. eigen/function_test/eigen_svd.cpp", "C++", 11, 0, 0, 0, 0, 0, 0, 0, 0, 0, 0, 7, 3, 21
"/home/lwl/workspace/3rd-test-learning/7. eigen/function_test/eigen_template_transpose.cpp", "C++", 17, 0, 0, 0, 0, 0, 0, 0, 0, 0, 0, 7, 3, 27
"/home/lwl/workspace/3rd-test-learning/7. eigen/function_test/llt_test.cpp", "C++", 9, 0, 0, 0, 0, 0, 0, 0, 0, 0, 0, 8, 5, 22
"/home/lwl/workspace/3rd-test-learning/7. eigen/function_test/map_test.cpp", "C++", 26, 0, 0, 0, 0, 0, 0, 0, 0, 0, 0, 12, 5, 43
"/home/lwl/workspace/3rd-test-learning/7. eigen/function_test/matrixXd_map.cpp", "C++", 11, 0, 0, 0, 0, 0, 0, 0, 0, 0, 0, 8, 2, 21
"/home/lwl/workspace/3rd-test-learning/7. eigen/function_test/omp_test.cpp", "C++", 36, 0, 0, 0, 0, 0, 0, 0, 0, 0, 0, 8, 12, 56
"/home/lwl/workspace/3rd-test-learning/8. ceres/ceres_API_learning/2nd-basic-test.cpp", "C++", 66, 0, 0, 0, 0, 0, 0, 0, 0, 0, 0, 12, 21, 99
"/home/lwl/workspace/3rd-test-learning/8. ceres/ceres_API_learning/3rd-basic-test.cpp", "C++", 107, 0, 0, 0, 0, 0, 0, 0, 0, 0, 0, 15, 13, 135
"/home/lwl/workspace/3rd-test-learning/8. ceres/ceres_API_learning/4th-basic-test.cpp", "C++", 127, 0, 0, 0, 0, 0, 0, 0, 0, 0, 0, 36, 21, 184
"/home/lwl/workspace/3rd-test-learning/8. ceres/ceres_API_learning/5th-how-to-write-function-usable-in-ceres.cpp", "C++", 58, 0, 0, 0, 0, 0, 0, 0, 0, 0, 0, 18, 18, 94
"/home/lwl/workspace/3rd-test-learning/8. ceres/ceres_API_learning/6th-a-value-return-function-for-autodiff.cpp", "C++", 58, 0, 0, 0, 0, 0, 0, 0, 0, 0, 0, 23, 17, 98
"/home/lwl/workspace/3rd-test-learning/8. ceres/ceres_API_learning/7th-value-jacobian-return-function-for-autodiff.cpp", "C++", 55, 0, 0, 0, 0, 0, 0, 0, 0, 0, 0, 13, 16, 84
"/home/lwl/workspace/3rd-test-learning/8. ceres/ceres_API_learning/9th-analytic-derivation.cpp", "C++", 38, 0, 0, 0, 0, 0, 0, 0, 0, 0, 0, 16, 11, 65
"/home/lwl/workspace/3rd-test-learning/8. ceres/ceres_API_learning/basic-test.cpp", "C++", 29, 0, 0, 0, 0, 0, 0, 0, 0, 0, 0, 22, 16, 67
"/home/lwl/workspace/3rd-test-learning/8. ceres/ceres_pnp/PNPSimulation.cpp", "C++", 138, 0, 0, 0, 0, 0, 0, 0, 0, 0, 0, 16, 46, 200
"/home/lwl/workspace/3rd-test-learning/8. ceres/ceres_pnp/PNPSimulation.h", "C++", 75, 0, 0, 0, 0, 0, 0, 0, 0, 0, 0, 3, 21, 99
"/home/lwl/workspace/3rd-test-learning/8. ceres/ceres_pnp/README.md", "Markdown", 0, 13, 0, 0, 0, 0, 0, 0, 0, 0, 0, 0, 9, 22
"/home/lwl/workspace/3rd-test-learning/8. ceres/ceres_pnp/main.cpp", "C++", 15, 0, 0, 0, 0, 0, 0, 0, 0, 0, 0, 4, 7, 26
"/home/lwl/workspace/3rd-test-learning/8. ceres/ceres_self_example/ceres_icp_analystic_se3.cpp", "C++", 158, 0, 0, 0, 0, 0, 0, 0, 0, 0, 0, 42, 48, 248
"/home/lwl/workspace/3rd-test-learning/8. ceres/ceres_self_example/ceres_icp_analystic_se3_test.cpp", "C++", 110, 0, 0, 0, 0, 0, 0, 0, 0, 0, 0, 29, 42, 181
"/home/lwl/workspace/3rd-test-learning/8. ceres/ceres_self_example/ceres_icp_analystic_so3_r3.cpp", "C++", 228, 0, 0, 0, 0, 0, 0, 0, 0, 0, 0, 33, 49, 310
"/home/lwl/workspace/3rd-test-learning/8. ceres/ceres_self_example/ceres_icp_autodiff_q_r3.cpp", "C++", 125, 0, 0, 0, 0, 0, 0, 0, 0, 0, 0, 24, 37, 186
"/home/lwl/workspace/3rd-test-learning/8. ceres/ceres_self_example/ceres_icp_pose_graph.cpp", "C++", 0, 0, 0, 0, 0, 0, 0, 0, 0, 0, 0, 10, 1, 11
"/home/lwl/workspace/3rd-test-learning/8. ceres/ceres_self_example/ceres_ndt_analystic_se3.h", "C++", 161, 0, 0, 0, 0, 0, 0, 0, 0, 0, 0, 19, 47, 227
"/home/lwl/workspace/3rd-test-learning/8. ceres/ceres_self_example/common.h", "C++", 62, 0, 0, 0, 0, 0, 0, 0, 0, 0, 0, 11, 11, 84
"/home/lwl/workspace/3rd-test-learning/8. ceres/ceres_self_example/eigen_icp_so3_r3.cpp", "C++", 191, 0, 0, 0, 0, 0, 0, 0, 0, 0, 0, 24, 51, 266
"/home/lwl/workspace/3rd-test-learning/8. ceres/ceres_self_example/eigen_svd_icp.cpp", "C++", 122, 0, 0, 0, 0, 0, 0, 0, 0, 0, 0, 13, 32, 167
"/home/lwl/workspace/3rd-test-learning/8. ceres/ceres_self_example/eigen_svd_icp.h", "C++", 51, 0, 0, 0, 0, 0, 0, 0, 0, 0, 0, 7, 20, 78
"/home/lwl/workspace/3rd-test-learning/8. ceres/ceres_self_example/eigen_svd_icp.yaml", "YAML", 0, 0, 5, 0, 0, 0, 0, 0, 0, 0, 0, 0, 0, 5
"/home/lwl/workspace/3rd-test-learning/8. ceres/ceres_self_example/eigen_svd_icp_test.cpp", "C++", 117, 0, 0, 0, 0, 0, 0, 0, 0, 0, 0, 24, 24, 165
"/home/lwl/workspace/3rd-test-learning/8. ceres/data.hpp", "C++", 70, 0, 0, 0, 0, 0, 0, 0, 0, 0, 0, 8, 2, 80
"/home/lwl/workspace/3rd-test-learning/9. ros-melodic/src/ros-melodic-bug/package.xml", "XML", 0, 0, 0, 32, 0, 0, 0, 0, 0, 0, 0, 36, 13, 81
"/home/lwl/workspace/3rd-test-learning/9. ros-melodic/src/ros-melodic-bug/src/1. rate_also_Time.cpp", "C++", 9, 0, 0, 0, 0, 0, 0, 0, 0, 0, 0, 13, 3, 25
"/home/lwl/workspace/3rd-test-learning/9. ros-melodic/src/ros-melodic-test/include/ros-melodic-test/VisualOdometryMsg.h", "C++", 205, 0, 0, 0, 0, 0, 0, 0, 0, 0, 0, 3, 59, 267
"/home/lwl/workspace/3rd-test-learning/9. ros-melodic/src/ros-melodic-test/include/ros-melodic-test/test-use-function.hpp", "C++", 26, 0, 0, 0, 0, 0, 0, 0, 0, 0, 0, 9, 3, 38
"/home/lwl/workspace/3rd-test-learning/9. ros-melodic/src/ros-melodic-test/package.xml", "XML", 0, 0, 0, 35, 0, 0, 0, 0, 0, 0, 0, 36, 12, 83
"/home/lwl/workspace/3rd-test-learning/9. ros-melodic/src/ros-melodic-test/src/9.1 set-polygen-in-rviz.cpp", "C++", 45, 0, 0, 0, 0, 0, 0, 0, 0, 0, 0, 9, 8, 62
"/home/lwl/workspace/3rd-test-learning/9. ros-melodic/src/ros-melodic-test/src/9.2 set-logging-level.cpp", "C++", 13, 0, 0, 0, 0, 0, 0, 0, 0, 0, 0, 8, 6, 27
"/home/lwl/workspace/3rd-test-learning/9. ros-melodic/src/ros-melodic-test/src/9.3 visualizetion_msgs-test.cpp", "C++", 234, 0, 0, 0, 0, 0, 0, 0, 0, 0, 0, 11, 49, 294
"/home/lwl/workspace/3rd-test-learning/9. ros-melodic/src/ros-melodic-test/src/9.4 multiple-nodehandle-test.cpp", "C++", 0, 0, 0, 0, 0, 0, 0, 0, 0, 0, 0, 0, 1, 1
"/home/lwl/workspace/3rd-test-learning/9. ros-melodic/src/ros-melodic-test/src/9.5.1 multiple-spinner-test.cpp", "C++", 15, 0, 0, 0, 0, 0, 0, 0, 0, 0, 0, 12, 8, 35
"/home/lwl/workspace/3rd-test-learning/9. ros-melodic/src/ros-melodic-test/src/9.5.2 spinner-with-callbackqueue.cpp", "C++", 29, 0, 0, 0, 0, 0, 0, 0, 0, 0, 0, 21, 15, 65
"/home/lwl/workspace/3rd-test-learning/9. ros-melodic/src/ros-melodic-test/src/9.6 tf_and_message_self_define.cpp", "C++", 306, 0, 0, 0, 0, 0, 0, 0, 0, 0, 0, 22, 55, 383
"/home/lwl/workspace/3rd-test-learning/9. ros-melodic/src/ros-melodic-test/src/9.7 spin_and_ctrl_c.cpp", "C++", 9, 0, 0, 0, 0, 0, 0, 0, 0, 0, 0, 10, 5, 24
"/home/lwl/workspace/3rd-test-learning/9. ros-melodic/src/ros-melodic-test/src/viz-template.cpp", "C++", 659, 0, 0, 0, 0, 0, 0, 0, 0, 0, 0, 10, 89, 758
"/home/lwl/workspace/3rd-test-learning/cmake/PCL.cmake", "CMake", 0, 0, 0, 0, 0, 3, 0, 0, 0, 0, 0, 0, 2, 5
"/home/lwl/workspace/3rd-test-learning/cmake/ceres.cmake", "CMake", 0, 0, 0, 0, 0, 3, 0, 0, 0, 0, 0, 0, 0, 3
"/home/lwl/workspace/3rd-test-learning/cmake/eigen3.cmake", "CMake", 0, 0, 0, 0, 0, 2, 0, 0, 0, 0, 0, 0, 0, 2
"/home/lwl/workspace/3rd-test-learning/cmake/g2o.cmake", "CMake", 0, 0, 0, 0, 0, 123, 0, 0, 0, 0, 0, 0, 15, 138
"/home/lwl/workspace/3rd-test-learning/cmake/gtest.cmake", "CMake", 0, 0, 0, 0, 0, 4, 0, 0, 0, 0, 0, 0, 0, 4
"/home/lwl/workspace/3rd-test-learning/cmake/omp.cmake", "CMake", 0, 0, 0, 0, 0, 12, 0, 0, 0, 0, 0, 0, 1, 13
"/home/lwl/workspace/3rd-test-learning/cmake/opencv.cmake", "CMake", 0, 0, 0, 0, 0, 5, 0, 0, 0, 0, 0, 0, 2, 7
"/home/lwl/workspace/3rd-test-learning/cmake/pangolin.cmake", "CMake", 0, 0, 0, 0, 0, 3, 0, 0, 0, 0, 0, 0, 2, 5
"/home/lwl/workspace/3rd-test-learning/cmake/ros1.cmake", "CMake", 0, 0, 0, 0, 0, 10, 0, 0, 0, 0, 0, 0, 1, 11
"/home/lwl/workspace/3rd-test-learning/cmake/sophus.cmake", "CMake", 0, 0, 0, 0, 0, 1, 0, 0, 0, 0, 0, 0, 0, 1
"/home/lwl/workspace/3rd-test-learning/cmake/yaml.cmake", "CMake", 0, 0, 0, 0, 0, 3, 0, 0, 0, 0, 0, 0, 1, 4
"/home/lwl/workspace/3rd-test-learning/doc/SLAM-related/front_end_self_fkgkdfgy/FrontEnd_self.md", "Markdown", 0, 8, 0, 0, 0, 0, 0, 0, 0, 0, 0, 0, 3, 11
"/home/lwl/workspace/3rd-test-learning/doc/SLAM-related/se2lam/ground_constraint.md", "Markdown", 0, 15, 0, 0, 0, 0, 0, 0, 0, 0, 0, 8, 1, 24
"/home/lwl/workspace/3rd-test-learning/doc/SLAM-related/se2lam/reading.md", "Markdown", 0, 19, 0, 0, 0, 0, 0, 0, 0, 0, 0, 7, 4, 30
"/home/lwl/workspace/3rd-test-learning/doc/SLAM-related/se2lam/theory.md", "Markdown", 0, 83, 0, 0, 0, 0, 0, 0, 0, 0, 0, 8, 13, 104
"/home/lwl/workspace/3rd-test-learning/doc/SLAM-related/slambook2/code_reading.md", "Markdown", 0, 58, 0, 0, 0, 0, 0, 0, 0, 0, 0, 0, 16, 74
"/home/lwl/workspace/3rd-test-learning/doc/paper/paper-11.16-11.27/2020.11.16 - 2020.11.27 论文阅读.md", "Markdown", 0, 450, 0, 0, 0, 0, 0, 0, 0, 0, 0, 0, 165, 615
"/home/lwl/workspace/3rd-test-learning/doc/paper/paper-12.16-12.30/complement_material.md", "Markdown", 0, 2, 0, 0, 0, 0, 0, 0, 0, 0, 0, 0, 3, 5
"/home/lwl/workspace/3rd-test-learning/doc/paper/paper-12.16-12.30/conclusion.md", "Markdown", 0, 59, 0, 0, 0, 0, 0, 0, 0, 0, 0, 8, 11, 78
"/home/lwl/workspace/3rd-test-learning/doc/paper/paper-21.1.18-21.1.30/reading.md", "Markdown", 0, 47, 0, 0, 0, 0, 0, 0, 0, 0, 0, 8, 6, 61
"/home/lwl/workspace/3rd-test-learning/doc/paper/paper-21.1.4-21.1.15/reading_doc.md", "Markdown", 0, 57, 0, 0, 0, 0, 0, 0, 0, 0, 0, 8, 16, 81
"/home/lwl/workspace/3rd-test-learning/doc/paper/paper-21.2.4-21.2.30/doc.md", "Markdown", 0, 27, 0, 0, 0, 0, 0, 0, 0, 0, 0, 8, 9, 44
"/home/lwl/workspace/3rd-test-learning/doc/paper/paper_3.26-3.31/reading.md", "Markdown", 0, 3, 0, 0, 0, 0, 0, 0, 0, 0, 0, 8, 3, 14
"/home/lwl/workspace/3rd-test-learning/doc/sensor_fusion/chapter3/chapter3_error_analysis.md", "Markdown", 0, 39, 0, 0, 0, 0, 0, 0, 0, 0, 0, 8, 9, 56
"/home/lwl/workspace/3rd-test-learning/doc/trick/trick.md", "Markdown", 0, 140, 0, 0, 0, 0, 0, 0, 0, 0, 0, 0, 22, 162
"/home/lwl/workspace/3rd-test-learning/doc/学习.md", "Markdown", 0, 53, 0, 0, 0, 0, 0, 0, 0, 0, 0, 8, 12, 73
"/home/lwl/workspace/3rd-test-learning/important_code_collection.md", "Markdown", 0, 21, 0, 0, 0, 0, 0, 0, 0, 0, 0, 7, 0, 28
"Total", "-", 20136, 4811, 275, 84, 602, 541, 8, 322, 82, 645, 502, 5862, 6827, 40697